signal_id,ehtimollik
SG_000001,0.13796288854829455
SG_000007,0.1911072099334364
SG_000009,0.11960209969596695
SG_000010,0.12565801225055476
SG_000011,0.12519842997128652
SG_000018,0.17010096587723575
SG_000024,0.1677027125989482
SG_000026,0.15469349688919856
SG_000032,0.16429056026519984
SG_000033,0.200732387886688
SG_000034,0.1223330985901884
SG_000036,0.1449259682192646
SG_000039,0.12510558128568652
SG_000048,0.12189698153357705
SG_000049,0.1619611654829463
SG_000050,0.23355311532566575
SG_000053,0.1221159710893088
SG_000054,0.16875159043194618
SG_000055,0.16015605783598247
SG_000058,0.14078787804971982
SG_000059,0.14784395084885235
SG_000061,0.15220105462252104
SG_000062,0.18178145537389556
SG_000072,0.1289520170267382
SG_000073,0.165435193476842
SG_000075,0.1543854028481734
SG_000080,0.2118524294586699
SG_000081,0.20044858245004202
SG_000083,0.12715256476333833
SG_000086,0.14227531558311912
SG_000087,0.26773968608208965
SG_000092,0.19030650107676952
SG_000099,0.17514850024698667
SG_000100,0.1495929187927837
SG_000105,0.13485271695972212
SG_000106,0.16610214078568958
SG_000107,0.10839674174243667
SG_000118,0.1921943597093515
SG_000120,0.14210169462395977
SG_000125,0.1568969640493128
SG_000129,0.14558407076692123
SG_000137,0.17212313617188915
SG_000146,0.16017988659869106
SG_000147,0.2750298454580869
SG_000149,0.16095975518776556
SG_000153,0.17791635347240997
SG_000161,0.1350014927653893
SG_000163,0.14747110961523657
SG_000165,0.23734285622916826
SG_000173,0.13363470897028515
SG_000178,0.15483941947145347
SG_000179,0.1202301932267443
SG_000187,0.2761417765092526
SG_000192,0.11790628027447411
SG_000193,0.23717562869819817
SG_000195,0.14875905502975748
SG_000196,0.1653917540124325
SG_000201,0.12533327377376607
SG_000203,0.18979386374006543
SG_000205,0.29690169769021946
SG_000207,0.223311949103024
SG_000211,0.22258717616299997
SG_000214,0.12977632070949227
SG_000217,0.11571071041093957
SG_000218,0.3033650294893924
SG_000219,0.1559598238487766
SG_000227,0.14228976618485606
SG_000229,0.12864955739158374
SG_000232,0.18042436029102774
SG_000240,0.11881301714569867
SG_000242,0.21983022578919295
SG_000244,0.17664391717754446
SG_000246,0.1785064152689842
SG_000250,0.14358797627354147
SG_000253,0.15970485622029287
SG_000262,0.1640824621304302
SG_000269,0.26642492344692037
SG_000270,0.14535645632590674
SG_000271,0.21571311746650318
SG_000284,0.20207546215264896
SG_000286,0.16283354697238878
SG_000287,0.1542433579402514
SG_000290,0.24945627504026296
SG_000291,0.1705572147548022
SG_000301,0.15104762392688667
SG_000302,0.2080722074751684
SG_000304,0.13806509088264202
SG_000306,0.21744988051455683
SG_000309,0.12431068860578373
SG_000314,0.16562085417507172
SG_000319,0.19530436326763442
SG_000320,0.13343146764710215
SG_000321,0.14442165007116112
SG_000325,0.22727416314806334
SG_000328,0.13087280401807164
SG_000329,0.14327667639072425
SG_000333,0.14899349946696283
SG_000334,0.15918744058136813
SG_000335,0.2026705037829352
SG_000339,0.1231852462805428
SG_000341,0.12755027509404368
SG_000345,0.2434890241567708
SG_000347,0.14293259472172604
SG_000349,0.13189660094865502
SG_000350,0.15398293314325656
SG_000351,0.11980885339505051
SG_000357,0.14742082994265066
SG_000360,0.17946732711840813
SG_000366,0.21709193650000636
SG_000368,0.19737224803863976
SG_000370,0.14779795065149495
SG_000378,0.13217587490982782
SG_000386,0.16463171025644738
SG_000394,0.13637319530690023
SG_000395,0.1335910795626372
SG_000397,0.28538407572026253
SG_000398,0.1598326693004174
SG_000401,0.1511863870956561
SG_000402,0.15468318244599383
SG_000414,0.2596492298960251
SG_000415,0.21379681713702578
SG_000419,0.24307160217666435
SG_000420,0.18597804899478396
SG_000422,0.21668039039883666
SG_000425,0.17760178124688558
SG_000430,0.12413639751398398
SG_000431,0.12502019942710152
SG_000435,0.11416807818372354
SG_000436,0.1320719170029993
SG_000440,0.16767024773363215
SG_000444,0.12087694392720523
SG_000450,0.15332376168675704
SG_000452,0.17139777848782528
SG_000454,0.19154269291957854
SG_000460,0.16398516439944416
SG_000462,0.1274997644571022
SG_000471,0.15957061459805794
SG_000474,0.21557730640223535
SG_000475,0.19220508338030445
SG_000476,0.14338568990803474
SG_000480,0.26282359138488476
SG_000482,0.22919213083177495
SG_000484,0.22522381701359495
SG_000487,0.18214089670887232
SG_000488,0.19004351928494626
SG_000494,0.19828244934862743
SG_000496,0.24044998466529507
SG_000497,0.11868101420148913
SG_000498,0.1491510194331081
SG_000501,0.16779649348352557
SG_000506,0.21610311878603877
SG_000511,0.14407613014979415
SG_000513,0.12029870356581389
SG_000524,0.13120021144661262
SG_000526,0.22017430575701463
SG_000527,0.14587756248784262
SG_000530,0.1612315524321789
SG_000535,0.1669042730962798
SG_000536,0.16626536401641373
SG_000551,0.21628130184295663
SG_000561,0.2551462056819422
SG_000563,0.26606568441733747
SG_000567,0.21884936592252563
SG_000572,0.20882207795592483
SG_000580,0.21164805929122932
SG_000583,0.1483923104516304
SG_000585,0.22230017827836562
SG_000588,0.13410174116285264
SG_000591,0.2645332561542036
SG_000593,0.1290368402584039
SG_000594,0.21664965558883806
SG_000598,0.13149336935611372
SG_000603,0.2138345303207254
SG_000610,0.14046308239034896
SG_000614,0.15910416610825723
SG_000615,0.1500717980695901
SG_000616,0.11760232450279547
SG_000617,0.12213268179107994
SG_000619,0.1270566321732956
SG_000621,0.1962005039204672
SG_000629,0.265207114591832
SG_000633,0.16265821204081435
SG_000634,0.19111531802672432
SG_000638,0.1697060688672511
SG_000640,0.17752166825772137
SG_000643,0.26126894988909016
SG_000646,0.264939627611046
SG_000648,0.12884805841812424
SG_000657,0.1506119396837157
SG_000662,0.15616750774179727
SG_000665,0.13482980636525052
SG_000666,0.22006985770261664
SG_000672,0.12254765425844893
SG_000674,0.1640101998988127
SG_000677,0.12549882317980612
SG_000678,0.2010900157340826
SG_000679,0.1331823437093515
SG_000691,0.18626027544280754
SG_000692,0.13520884660317148
SG_000693,0.20629471490691445
SG_000695,0.21842790148467514
SG_000696,0.12946077462862832
SG_000698,0.11913364664922317
SG_000706,0.13142262096924703
SG_000709,0.13122783857786283
SG_000713,0.1597582558458698
SG_000716,0.14538715916503048
SG_000717,0.11375366818812942
SG_000719,0.17576195934322283
SG_000722,0.21436401896114043
SG_000727,0.15499719022199365
SG_000734,0.14141997882771934
SG_000737,0.1295021658232206
SG_000739,0.1400724499695735
SG_000742,0.21231181657319187
SG_000743,0.1767765703532463
SG_000750,0.1282524478798241
SG_000751,0.23525429710800844
SG_000759,0.2554652143227835
SG_000762,0.16690102755519692
SG_000764,0.16074375219457754
SG_000768,0.19085732003518746
SG_000769,0.17232707346323317
SG_000770,0.13940429002322602
SG_000788,0.2828302374948345
SG_000790,0.13214281648198806
SG_000797,0.18028463663793848
SG_000798,0.12306993065845839
SG_000799,0.16307456394990202
SG_000802,0.1831506326898037
SG_000803,0.28035636831353544
SG_000809,0.2622521202208601
SG_000811,0.16126204428784735
SG_000812,0.20672833654985695
SG_000816,0.22937357912811707
SG_000817,0.15669308269454366
SG_000820,0.1432992158153522
SG_000821,0.11935278782534915
SG_000826,0.16252422004081235
SG_000840,0.18666901536527036
SG_000849,0.18897368477411045
SG_000851,0.13931780905686636
SG_000856,0.12168079935197955
SG_000857,0.18580169111396638
SG_000864,0.12808111823060814
SG_000865,0.12135330227612547
SG_000875,0.158608295391306
SG_000883,0.13534763073253192
SG_000888,0.21743226035462732
SG_000889,0.19132281497980724
SG_000890,0.18857917606331587
SG_000891,0.12583948845779974
SG_000903,0.14663792211438148
SG_000907,0.1573775875161847
SG_000909,0.12293450120870593
SG_000910,0.16234634173869159
SG_000911,0.28515470908817914
SG_000912,0.20050564202494617
SG_000913,0.21365139720825327
SG_000917,0.16576903620415634
SG_000920,0.15778367631585036
SG_000928,0.11590862114324266
SG_000934,0.12141530785997683
SG_000935,0.20682713024799493
SG_000938,0.16635908802598368
SG_000940,0.12682517246074576
SG_000943,0.17234358910389477
SG_000945,0.17330704518641657
SG_000946,0.16888574779419746
SG_000948,0.1430079649322832
SG_000950,0.22319421681959734
SG_000954,0.2366829147996609
SG_000959,0.22518415275413614
SG_000963,0.25700737300821463
SG_000965,0.14629544390627425
SG_000968,0.21410669457651116
SG_000970,0.25249289090375926
SG_000973,0.11454544260746388
SG_000975,0.12334905461423581
SG_000977,0.1387709291475941
SG_000980,0.266873293840569
SG_000981,0.1686454483307033
SG_000985,0.1929573368591425
SG_000987,0.2675873219380746
SG_000988,0.1477103268029021
SG_000990,0.1815596886545479
SG_000991,0.23914230081640492
SG_001002,0.19226760623976552
SG_001004,0.2409373947496322
SG_001009,0.14856035521166716
SG_001010,0.12384800290286171
SG_001014,0.17339906729188717
SG_001023,0.18409316346397003
SG_001027,0.11581245641810209
SG_001028,0.22726101470991403
SG_001030,0.15718385352765385
SG_001031,0.1447523227672845
SG_001032,0.15651892203356588
SG_001042,0.1748526759989463
SG_001048,0.13502356850548042
SG_001049,0.11975874235445454
SG_001052,0.1305353771703049
SG_001058,0.13303193913403552
SG_001060,0.15717311680197915
SG_001066,0.20161062151843842
SG_001067,0.1518289647996835
SG_001070,0.17010217863927618
SG_001071,0.13488718646409897
SG_001075,0.11748581640863295
SG_001076,0.20359880191064703
SG_001078,0.12137730420505324
SG_001081,0.18170823119747256
SG_001085,0.14275971150985628
SG_001086,0.1361326693336421
SG_001100,0.1371628156173167
SG_001101,0.11384418458936227
SG_001102,0.19035519461355985
SG_001106,0.1490536314092858
SG_001107,0.11828267538849921
SG_001108,0.1630012203220146
SG_001109,0.1310878917713838
SG_001111,0.22355591621355742
SG_001117,0.24952179612461114
SG_001121,0.1806408114262708
SG_001123,0.22016731539960407
SG_001125,0.20653162545522727
SG_001126,0.23155309081039777
SG_001128,0.14515740074874608
SG_001133,0.13036222444745588
SG_001135,0.2415499801655093
SG_001143,0.29555404001023156
SG_001153,0.12494494382459716
SG_001155,0.2911743284745425
SG_001157,0.18798712718194327
SG_001159,0.17494883540998266
SG_001161,0.20441441298063995
SG_001163,0.14966866908468016
SG_001167,0.24538479951999598
SG_001180,0.19502621292192301
SG_001181,0.22593057477408368
SG_001182,0.15241379167863287
SG_001184,0.1574433580945039
SG_001188,0.13990702090306545
SG_001190,0.24459416559248584
SG_001192,0.18283900478541604
SG_001196,0.2688818763734445
SG_001201,0.1874815330925513
SG_001202,0.11313153150059904
SG_001203,0.13283304306061441
SG_001205,0.13492083904838056
SG_001208,0.20525757669922876
SG_001210,0.1814816202564145
SG_001211,0.1355654633132989
SG_001213,0.17201163787009968
SG_001215,0.28658243677195516
SG_001217,0.24272232699569019
SG_001225,0.1943944691144575
SG_001226,0.23646819666197288
SG_001229,0.21167347438312745
SG_001230,0.1448788531569599
SG_001236,0.14722251399072045
SG_001237,0.12189941001082069
SG_001243,0.16513241316786553
SG_001245,0.14928063733276126
SG_001248,0.1328286132068223
SG_001252,0.11608164766981452
SG_001255,0.21896875605300054
SG_001257,0.20936764847581052
SG_001262,0.1555212554266874
SG_001264,0.16069555221436307
SG_001267,0.12330036294254638
SG_001279,0.1164789705904173
SG_001285,0.15031767058143916
SG_001287,0.11834960276245854
SG_001293,0.1846861641223075
SG_001296,0.21277470051540198
SG_001298,0.13514385445015317
SG_001303,0.15800046252296376
SG_001305,0.13904721207844722
SG_001306,0.1808429642913422
SG_001309,0.15727703717253685
SG_001312,0.11980089806969554
SG_001313,0.17124782222536034
SG_001314,0.17100885606206406
SG_001316,0.13771135163305245
SG_001318,0.12681066754885598
SG_001319,0.22410515556822674
SG_001321,0.23565850123389853
SG_001322,0.1604876609444649
SG_001327,0.13163150529471596
SG_001331,0.13102361088295528
SG_001335,0.14874656135478775
SG_001336,0.17852783304386616
SG_001349,0.2219028660532562
SG_001350,0.16887501910705846
SG_001352,0.15484603405788502
SG_001354,0.12828072362424967
SG_001361,0.1257704136844852
SG_001362,0.1855794488424527
SG_001364,0.15252537797051055
SG_001374,0.24253455540131683
SG_001389,0.14445512749454034
SG_001390,0.13756043663990367
SG_001395,0.2724529294418456
SG_001397,0.13492599370530048
SG_001401,0.12974637180494267
SG_001402,0.16052561516333727
SG_001405,0.1230204164725703
SG_001412,0.19678124197519664
SG_001415,0.14173482410241153
SG_001419,0.12655605993202906
SG_001421,0.14623607588216112
SG_001423,0.16022600636320794
SG_001432,0.158459168026647
SG_001433,0.13819752994415793
SG_001441,0.21188271941637038
SG_001446,0.12745515082180026
SG_001447,0.1392901741467057
SG_001448,0.11127354768806894
SG_001453,0.13527791907748982
SG_001458,0.1534177958960306
SG_001465,0.19032704309524157
SG_001469,0.14981433859493734
SG_001470,0.14133358082531272
SG_001472,0.23174973218562478
SG_001476,0.23342848944713893
SG_001478,0.248825066281394
SG_001480,0.2864823850179531
SG_001484,0.11626798368237201
SG_001487,0.22473943755688044
SG_001493,0.21233324034178822
SG_001494,0.2067922410966312
SG_001500,0.14981703227663792
SG_001505,0.16832455854196235
SG_001506,0.17544414192165356
SG_001510,0.13071471776220525
SG_001514,0.15578735563562113
SG_001520,0.1784783386530945
SG_001525,0.2668113660152347
SG_001527,0.15862201972388648
SG_001528,0.15852925113036284
SG_001529,0.13565887535555093
SG_001531,0.18236541426487765
SG_001541,0.28717406911251764
SG_001542,0.15259020048435173
SG_001543,0.2655397058884976
SG_001545,0.1357307862512798
SG_001549,0.1569183444474294
SG_001557,0.17296220972142043
SG_001558,0.2251039899511552
SG_001561,0.15110703962408306
SG_001562,0.11261237179992131
SG_001563,0.2221430020726654
SG_001567,0.13270742903013136
SG_001568,0.1625010310553162
SG_001569,0.1736914823628184
SG_001570,0.1776991707419767
SG_001571,0.14358550506737983
SG_001572,0.2155428395282109
SG_001573,0.1302186736388577
SG_001576,0.161446923246252
SG_001584,0.1355959335093678
SG_001590,0.21299739080383437
SG_001591,0.14879368151408412
SG_001592,0.12572931139322777
SG_001595,0.14657729148885051
SG_001601,0.25122228302625804
SG_001604,0.1959909792817453
SG_001609,0.20106986135246796
SG_001610,0.20349342267262238
SG_001612,0.12721373232634514
SG_001613,0.20850327779223007
SG_001615,0.135761120486535
SG_001623,0.16422119426318577
SG_001624,0.12893085629678044
SG_001631,0.15530358895970858
SG_001634,0.2531755555349261
SG_001636,0.2704177935536003
SG_001638,0.233487684371035
SG_001647,0.16042513892324856
SG_001650,0.20275684847453354
SG_001653,0.2182318191988287
SG_001654,0.2245397479747942
SG_001658,0.20791804631628694
SG_001663,0.15826699738819033
SG_001667,0.12234979856239252
SG_001668,0.13429642480982068
SG_001670,0.11446288682247681
SG_001683,0.12348540160311434
SG_001686,0.15919215468181053
SG_001688,0.1899503497037567
SG_001689,0.12149749157007264
SG_001698,0.2508506189437316
SG_001704,0.18696982194471246
SG_001711,0.17686019460844954
SG_001719,0.12792528584362747
SG_001720,0.11568323820956909
SG_001723,0.18467974371200846
SG_001726,0.21074920114951387
SG_001728,0.12477626862525573
SG_001731,0.12316060731494301
SG_001733,0.17834605576505252
SG_001734,0.13599174419039056
SG_001735,0.19398754399775223
SG_001737,0.26775128027753414
SG_001738,0.16606651508487252
SG_001739,0.14935842656571008
SG_001740,0.16255226581454446
SG_001744,0.17502319611732223
SG_001745,0.16600227251210992
SG_001750,0.12793599586746862
SG_001751,0.15968468771971836
SG_001761,0.1800583823725903
SG_001767,0.1428210754723614
SG_001768,0.2772766488267502
SG_001769,0.13728367578361816
SG_001776,0.22468242387578763
SG_001786,0.13126384759805673
SG_001788,0.15059998493480997
SG_001789,0.17826808156292162
SG_001790,0.12351012318216907
SG_001791,0.14922978131177084
SG_001792,0.20667483882033405
SG_001793,0.15045315474289384
SG_001796,0.13706301214024902
SG_001797,0.1300524899759752
SG_001803,0.21134772315322978
SG_001804,0.12497135429311446
SG_001806,0.1574165503243628
SG_001811,0.14671420158397602
SG_001815,0.18771032199542315
SG_001819,0.1621480546401603
SG_001824,0.14368040739318622
SG_001825,0.19763803940733632
SG_001827,0.17210469187188715
SG_001830,0.19112620363231733
SG_001831,0.12576575713218235
SG_001833,0.22301597388629918
SG_001836,0.14747381573674362
SG_001844,0.1885063830935795
SG_001846,0.1259805469917395
SG_001847,0.23504920293384327
SG_001848,0.21739566833279794
SG_001849,0.2113834744658102
SG_001851,0.13880631274330016
SG_001858,0.2126661344715474
SG_001860,0.12325224304924265
SG_001862,0.20654027112875703
SG_001864,0.12432872705110683
SG_001865,0.24145447181039134
SG_001867,0.20021884390324302
SG_001872,0.12763494795634003
SG_001876,0.13546419406256513
SG_001877,0.23049734667142152
SG_001883,0.175190571563343
SG_001884,0.14985783294896043
SG_001885,0.1284867507399306
SG_001886,0.2404128279139004
SG_001888,0.12721717432935103
SG_001890,0.1275405354883712
SG_001892,0.14343836622637612
SG_001893,0.25407438626759016
SG_001894,0.15435609980154869
SG_001895,0.23747280743609492
SG_001897,0.19167135547094535
SG_001901,0.16291821667834563
SG_001903,0.15410376948534268
SG_001904,0.11329606984520205
SG_001906,0.14668445864911386
SG_001909,0.1450120481143467
SG_001912,0.1287956930139426
SG_001914,0.1219817757217849
SG_001915,0.1332187618510395
SG_001919,0.21176884594027073
SG_001924,0.15177850122388056
SG_001925,0.11761715965699808
SG_001928,0.22541528908975347
SG_001930,0.1313892322677092
SG_001932,0.14206891713968278
SG_001933,0.1662741850104456
SG_001934,0.12238993282534552
SG_001936,0.11905085286949504
SG_001947,0.15154579308446534
SG_001953,0.22963841007569155
SG_001954,0.11868701007405998
SG_001955,0.24011389736502015
SG_001963,0.15297956293437892
SG_001971,0.2339812915760889
SG_001975,0.14182742316071262
SG_001976,0.13081279221448128
SG_001977,0.18810532716264658
SG_001980,0.1224860979349639
SG_001981,0.13337812861689444
SG_001982,0.26448049520039413
SG_001990,0.1431538697676209
SG_001999,0.12903225607769522
SG_002000,0.22497299473773463
SG_002002,0.2760739164518694
SG_002004,0.1907774576435485
SG_002008,0.2809156096860025
SG_002009,0.1494035469558001
SG_002016,0.24256796725506485
SG_002021,0.1654050667602633
SG_002024,0.19382297106748342
SG_002027,0.2236635950667895
SG_002037,0.1933047213535988
SG_002038,0.14457165009762502
SG_002039,0.18418522961766431
SG_002044,0.18354530192377405
SG_002045,0.14054479191833816
SG_002048,0.12068207291134232
SG_002050,0.22134086975489745
SG_002052,0.17268477515930306
SG_002063,0.2096934426433803
SG_002067,0.2165351962713778
SG_002068,0.1592027496557339
SG_002069,0.13333229346985948
SG_002074,0.11620805054222072
SG_002075,0.15405749218159961
SG_002078,0.12392207224026745
SG_002081,0.12397307714098786
SG_002090,0.21624071789946359
SG_002097,0.21577859343789801
SG_002103,0.15621682794079877
SG_002105,0.2257901222791014
SG_002110,0.15961023128222349
SG_002122,0.16732953174065235
SG_002123,0.1628443832199879
SG_002125,0.25674619184141717
SG_002129,0.2604192198730765
SG_002131,0.25290850344698795
SG_002137,0.16580277634837823
SG_002142,0.1919927263307253
SG_002150,0.1645745690273252
SG_002151,0.16347816407988924
SG_002152,0.16656256944010092
SG_002166,0.1255920543220312
SG_002171,0.24339945914560118
SG_002172,0.2416883687241433
SG_002176,0.11997426558128639
SG_002177,0.23266085303328915
SG_002181,0.2685844241092517
SG_002184,0.13219772458166754
SG_002185,0.295638137167608
SG_002186,0.12490092586789758
SG_002191,0.1418950632394353
SG_002192,0.24427522644578775
SG_002194,0.20756358913238193
SG_002200,0.11797405609778107
SG_002209,0.22642059399957826
SG_002213,0.12424667448789055
SG_002220,0.11995028732892343
SG_002223,0.1319890878393855
SG_002227,0.1421066471457653
SG_002228,0.12145006507619005
SG_002233,0.18424363198278265
SG_002241,0.20781126378454357
SG_002248,0.22409543816928093
SG_002251,0.19609912373427496
SG_002252,0.1403372778743822
SG_002254,0.17642458019413731
SG_002255,0.19006421239532695
SG_002260,0.24768391901221118
SG_002262,0.13229035090310645
SG_002263,0.1214926493783179
SG_002266,0.15368064740081105
SG_002270,0.14734215194279468
SG_002277,0.13085711855639331
SG_002278,0.13393287035484752
SG_002280,0.1382905185708721
SG_002281,0.20585673244211114
SG_002283,0.15745141378747765
SG_002284,0.21100863506049866
SG_002286,0.164532668050235
SG_002288,0.136839421390528
SG_002291,0.17333587477771611
SG_002292,0.14074857049780815
SG_002294,0.15557610085452622
SG_002296,0.22077701154224688
SG_002298,0.14647042877343752
SG_002301,0.14480856516548218
SG_002304,0.2504890802650436
SG_002311,0.15259878396160081
SG_002319,0.27985708403979526
SG_002320,0.17076261232038153
SG_002322,0.15945358378612923
SG_002324,0.14737280118751378
SG_002328,0.19700298314988335
SG_002332,0.13460262324772665
SG_002341,0.27192472431172987
SG_002346,0.13309847442608572
SG_002347,0.22642344776031828
SG_002352,0.13232311444567385
SG_002357,0.1480814621588621
SG_002361,0.15049215161454713
SG_002370,0.11609568606051068
SG_002371,0.2433676023552554
SG_002372,0.12303238510781489
SG_002373,0.1490488373539329
SG_002374,0.1555183601267635
SG_002375,0.14496964479648158
SG_002381,0.14280709919111487
SG_002385,0.20579003289917858
SG_002387,0.134331823406369
SG_002390,0.26050130191174786
SG_002391,0.12100688046096672
SG_002392,0.12247758343637324
SG_002394,0.1791987113013672
SG_002396,0.1290015352246624
SG_002401,0.1450768086045038
SG_002402,0.14665221854569338
SG_002404,0.16822203385587034
SG_002407,0.19718693501058074
SG_002410,0.12755008306827487
SG_002419,0.2795714612462132
SG_002421,0.21983935433168084
SG_002422,0.12781460173092504
SG_002423,0.22340316631575868
SG_002429,0.16377247506558928
SG_002430,0.16246411195156218
SG_002434,0.23707712377223208
SG_002437,0.15707611561515927
SG_002442,0.13067319086606277
SG_002444,0.13157789579037496
SG_002447,0.12703481089341212
SG_002448,0.12431592557588003
SG_002450,0.21873932536313995
SG_002453,0.12284749043811771
SG_002454,0.18597443992718152
SG_002455,0.15043553929685255
SG_002456,0.2567559937710332
SG_002458,0.16782701594447808
SG_002459,0.21914496233455796
SG_002460,0.2753810347371381
SG_002462,0.15337756201912092
SG_002464,0.19143754536851584
SG_002466,0.21668760701833722
SG_002475,0.166806204774985
SG_002477,0.18059035682979777
SG_002479,0.14398903638524957
SG_002482,0.15169475847798874
SG_002483,0.190664405893264
SG_002486,0.18734491513257018
SG_002490,0.2229839080024473
SG_002493,0.13643267263555897
SG_002495,0.1673478128456852
SG_002498,0.12681539925452492
SG_002500,0.22541823161471136
SG_002502,0.12486289876515644
SG_002507,0.18196976231941714
SG_002509,0.15530484851219145
SG_002517,0.2670505494048623
SG_002520,0.15685994553024277
SG_002522,0.16236995348870845
SG_002526,0.1183503889609994
SG_002529,0.12795614021522556
SG_002532,0.1255750490313386
SG_002539,0.13170342731111334
SG_002541,0.11876278040936938
SG_002544,0.12829529820795388
SG_002545,0.14403571743112056
SG_002546,0.17342029753489224
SG_002548,0.19258731208450203
SG_002555,0.21307779614857872
SG_002559,0.13822522791524489
SG_002568,0.11899874775713179
SG_002572,0.27002223652323015
SG_002573,0.14403820187273292
SG_002577,0.1592267871084984
SG_002580,0.17563125053854312
SG_002583,0.1671543390008024
SG_002586,0.1694062638902537
SG_002587,0.19464548837917395
SG_002588,0.12389538768583677
SG_002594,0.148558019761292
SG_002596,0.12183791568853833
SG_002597,0.11331182137244797
SG_002599,0.17033013061974733
SG_002600,0.1715006346495312
SG_002601,0.11679199351971795
SG_002605,0.1485709144319004
SG_002613,0.16347660865355013
SG_002615,0.2503070660757617
SG_002618,0.1232850860583854
SG_002622,0.19594061752917008
SG_002627,0.15812430257052296
SG_002628,0.15653276025362028
SG_002630,0.1174000981926477
SG_002633,0.18832482129858513
SG_002638,0.12047132353600673
SG_002649,0.20325816751482675
SG_002650,0.17313577097423954
SG_002652,0.1479712501494561
SG_002653,0.13232243685828565
SG_002654,0.12820896803830822
SG_002657,0.1330249698314118
SG_002664,0.1986561010393942
SG_002665,0.11293421679797475
SG_002666,0.14282775307094578
SG_002667,0.16222064706107409
SG_002672,0.2352341956041098
SG_002673,0.20485929835615496
SG_002674,0.18959536882884748
SG_002675,0.16333809137011487
SG_002680,0.24293801207677385
SG_002684,0.28729085682040556
SG_002688,0.20785886519846314
SG_002689,0.1302609841031921
SG_002691,0.13840653691523386
SG_002693,0.21447240343453272
SG_002699,0.16607235090693578
SG_002701,0.2077457809070169
SG_002705,0.2042334002063666
SG_002720,0.11584617718037078
SG_002731,0.20562038726730386
SG_002733,0.1386347209508437
SG_002735,0.2325947393005217
SG_002736,0.21932262602987831
SG_002738,0.12481728713958144
SG_002742,0.18032124650955136
SG_002746,0.23613357548232378
SG_002748,0.11738370790118902
SG_002752,0.12982885613201572
SG_002755,0.14284353466418867
SG_002757,0.1381605378348752
SG_002759,0.15925259515186635
SG_002767,0.1467855992690708
SG_002770,0.2735945863322053
SG_002773,0.2081648838661132
SG_002777,0.21694599133898093
SG_002782,0.1216028523855188
SG_002783,0.12186122712896849
SG_002785,0.12543570367481044
SG_002788,0.1741733279813143
SG_002789,0.17344418025683622
SG_002793,0.15667701895507152
SG_002796,0.1259183531889114
SG_002798,0.18671301595543038
SG_002809,0.2524816337731076
SG_002814,0.18821089834281174
SG_002820,0.13838891036141052
SG_002825,0.2285129894171456
SG_002827,0.1661147843943303
SG_002829,0.1734103479807824
SG_002832,0.24155342495232981
SG_002834,0.11897141738336783
SG_002840,0.25737435510137274
SG_002842,0.13226421084056178
SG_002843,0.14253142667806956
SG_002849,0.2956813662796365
SG_002850,0.14778230778160048
SG_002853,0.17945779636783074
SG_002875,0.21118989290392903
SG_002882,0.23693173856100777
SG_002887,0.2367519548178593
SG_002891,0.16368742916871434
SG_002896,0.15223854195584505
SG_002904,0.1459633335052654
SG_002906,0.20186912260518888
SG_002907,0.16011218218845558
SG_002910,0.20348516601392
SG_002918,0.1485313669519425
SG_002926,0.1293572962777861
SG_002930,0.16899419945507196
SG_002932,0.1255689322987676
SG_002937,0.17842080597859994
SG_002939,0.16114355101031852
SG_002943,0.12352740859179326
SG_002944,0.1367786638242126
SG_002947,0.12478834654291523
SG_002949,0.1456038713695595
SG_002950,0.12225569021805179
SG_002952,0.13818322117420676
SG_002954,0.19574623366142063
SG_002955,0.2359984178362724
SG_002958,0.28634829471358486
SG_002960,0.14023984772236536
SG_002964,0.200443372856626
SG_002967,0.14008977309374476
SG_002972,0.2524721735600577
SG_002982,0.2221968975998351
SG_002985,0.16567474078275735
SG_002989,0.17025546882336826
SG_002999,0.12383378911897483
SG_003002,0.19362181188523306
SG_003008,0.18226074411977294
SG_003023,0.14243061019884395
SG_003024,0.1386697254805868
SG_003026,0.2467422137399434
SG_003028,0.180680832991507
SG_003030,0.15665010694371662
SG_003031,0.1614060667870733
SG_003037,0.12093888283215022
SG_003042,0.1526924554930479
SG_003043,0.13852102278750208
SG_003044,0.2596840528600007
SG_003045,0.1363107103460523
SG_003048,0.15604026083369177
SG_003049,0.11939896367521108
SG_003051,0.12428647830258846
SG_003052,0.15796635830126388
SG_003059,0.26788735624449184
SG_003062,0.13254702813196867
SG_003065,0.12641014796938527
SG_003067,0.12099688100755826
SG_003071,0.1294679721276956
SG_003072,0.18612859567558557
SG_003073,0.19601596388706974
SG_003075,0.20225709884293092
SG_003080,0.12999788548638253
SG_003082,0.1616677213386361
SG_003084,0.2230117706611432
SG_003085,0.13139383828138335
SG_003088,0.18107029489670823
SG_003089,0.18507843061199
SG_003096,0.13745565865091955
SG_003097,0.20781498855289784
SG_003102,0.13681614250168442
SG_003105,0.1805939195628492
SG_003107,0.13345374460504894
SG_003111,0.15512538260087444
SG_003116,0.1559622422947309
SG_003118,0.13329830053954309
SG_003125,0.11737645333638724
SG_003127,0.1441394943015856
SG_003133,0.23329485688013202
SG_003135,0.15952790294044505
SG_003137,0.18165982063132818
SG_003138,0.13137732945747232
SG_003139,0.2867511463211672
SG_003141,0.258043832251584
SG_003144,0.22736658104017277
SG_003151,0.18165348754266486
SG_003154,0.17575223736772408
SG_003158,0.2415256603922013
SG_003160,0.1260753432314834
SG_003164,0.22621097365764276
SG_003168,0.15441844347955014
SG_003169,0.12211244172364352
SG_003174,0.1238868438177521
SG_003179,0.25740290636410934
SG_003184,0.16591933237278345
SG_003186,0.11555034426995688
SG_003193,0.2007899424857315
SG_003196,0.15904229382543925
SG_003198,0.21047434747322064
SG_003201,0.21006608751231942
SG_003204,0.27647676121117165
SG_003205,0.20403737189442564
SG_003206,0.13654290701036365
SG_003211,0.18188254238670284
SG_003214,0.1850949090966496
SG_003215,0.12717620861755732
SG_003216,0.162405100018217
SG_003217,0.23259552196784838
SG_003219,0.1555653011283303
SG_003226,0.17219295190959555
SG_003227,0.22570284715542765
SG_003230,0.23141088148757963
SG_003231,0.17161152824693485
SG_003232,0.13261745189058577
SG_003234,0.14627250130635505
SG_003239,0.1456672679055432
SG_003241,0.15443764211219926
SG_003243,0.1331990104124518
SG_003250,0.15523251401994775
SG_003253,0.1604186731540082
SG_003256,0.20798649800735655
SG_003259,0.12902816266767436
SG_003266,0.24449284196641785
SG_003272,0.1945046285276515
SG_003273,0.12266720616138631
SG_003281,0.1308037019164041
SG_003284,0.1543376664523502
SG_003288,0.1091167941191212
SG_003293,0.11958694312686076
SG_003294,0.188849790321355
SG_003295,0.1432595697379417
SG_003296,0.124697642230884
SG_003301,0.18011810743583354
SG_003304,0.14133117880820611
SG_003305,0.16712851009455112
SG_003307,0.15254916665850102
SG_003310,0.1611569965835719
SG_003314,0.1577308525425077
SG_003321,0.12198355491065131
SG_003325,0.12598539557829286
SG_003328,0.2210352083588135
SG_003331,0.1705838220333813
SG_003332,0.24288673321672488
SG_003333,0.16544373818785515
SG_003340,0.20025142587339148
SG_003341,0.2074933223124807
SG_003342,0.1985356019709011
SG_003349,0.15808063696905525
SG_003355,0.14725351828278171
SG_003357,0.2376810726280932
SG_003361,0.12333694636513318
SG_003370,0.23664576451827593
SG_003371,0.19768319784228086
SG_003373,0.22742445449763976
SG_003374,0.24258041917337958
SG_003379,0.1599872452778966
SG_003388,0.12340328331368304
SG_003389,0.277054545889429
SG_003390,0.13456555347876362
SG_003391,0.19758331776638435
SG_003392,0.1310220728850758
SG_003393,0.28608731292995027
SG_003397,0.1162047027913626
SG_003398,0.13904470534388602
SG_003399,0.16661782737801642
SG_003402,0.1829760599250778
SG_003404,0.15459607830131222
SG_003407,0.12254198596049388
SG_003408,0.17310294784453653
SG_003422,0.14070793014051153
SG_003426,0.1566599200468461
SG_003430,0.12102674790600221
SG_003434,0.1324619400361155
SG_003437,0.17789062877432193
SG_003439,0.14311906735373778
SG_003440,0.17552214321427445
SG_003441,0.11574735140977213
SG_003444,0.1493235097751653
SG_003447,0.20819461372157705
SG_003452,0.11913093000140962
SG_003453,0.2631627222024163
SG_003464,0.1863232332494088
SG_003469,0.12239218049130056
SG_003475,0.23947579767108262
SG_003477,0.2889136792134924
SG_003479,0.12767018867883048
SG_003480,0.22512501948056043
SG_003482,0.27711252048700563
SG_003483,0.2596366810419497
SG_003485,0.12565731750502082
SG_003486,0.2762341385071673
SG_003489,0.11035487616848216
SG_003491,0.1231034453008806
SG_003492,0.13176356850196425
SG_003493,0.13803287323031235
SG_003501,0.15533541615851862
SG_003505,0.21340749757120978
SG_003509,0.11606881256173696
SG_003517,0.1562703101586032
SG_003521,0.24110107407666553
SG_003526,0.11500104135355556
SG_003528,0.12618239140852905
SG_003532,0.1452869351253087
SG_003535,0.1233182845667565
SG_003538,0.24165828296950403
SG_003541,0.12228117629993829
SG_003545,0.14124504062569043
SG_003548,0.1309146099788536
SG_003549,0.16195768285365403
SG_003554,0.11615400459768352
SG_003557,0.28284702858485977
SG_003566,0.17106176385832944
SG_003568,0.12528618474710496
SG_003572,0.25193427080963116
SG_003575,0.1429420670916878
SG_003578,0.13289479807891444
SG_003584,0.12809741203523384
SG_003585,0.16909081582067462
SG_003588,0.19552254029528582
SG_003589,0.14642435036548365
SG_003594,0.16597547176242042
SG_003597,0.24908779454994273
SG_003598,0.1447699898218699
SG_003601,0.17219065590315813
SG_003603,0.209384414922234
SG_003610,0.13357564433009742
SG_003611,0.13840829738241192
SG_003613,0.17115857859620617
SG_003618,0.1397388075873864
SG_003619,0.12593584651183784
SG_003620,0.22569141958947822
SG_003625,0.2180388891756056
SG_003627,0.13733608816509274
SG_003628,0.18543834630248085
SG_003629,0.14183837134027305
SG_003637,0.2166211387706985
SG_003648,0.12187617517390355
SG_003650,0.12330588366819664
SG_003666,0.14773514102677848
SG_003668,0.22229858821751466
SG_003670,0.20193427550227305
SG_003671,0.12135258171659705
SG_003689,0.12779561482492663
SG_003691,0.12985167858849161
SG_003699,0.2503849618410908
SG_003702,0.1648908189261337
SG_003704,0.15933683391499748
SG_003705,0.175086156360918
SG_003706,0.17370033035928184
SG_003708,0.1176628922692103
SG_003710,0.1291254453583371
SG_003711,0.13587095493963688
SG_003714,0.13635555625617507
SG_003715,0.19474657915323063
SG_003722,0.2448182308723076
SG_003745,0.16563114626375847
SG_003746,0.22296362437967207
SG_003751,0.11589253805779942
SG_003754,0.19441075017329457
SG_003757,0.18278397411165784
SG_003758,0.2565879324765203
SG_003765,0.15331523210026626
SG_003767,0.12240614083016035
SG_003768,0.1329295488619559
SG_003769,0.14683051594860108
SG_003777,0.16941047970248363
SG_003783,0.13064221456355982
SG_003786,0.1284643889145936
SG_003787,0.12861574957134425
SG_003788,0.13116860217853774
SG_003792,0.1253651401750082
SG_003795,0.1377444057884595
SG_003806,0.1723402903511662
SG_003807,0.18988397537876472
SG_003809,0.2637148068302329
SG_003810,0.1259862680804243
SG_003812,0.2144486550391867
SG_003820,0.1814189384541398
SG_003822,0.16379843228258387
SG_003829,0.25083123301616367
SG_003835,0.11241838312069777
SG_003843,0.24933875124230154
SG_003844,0.16532742879511503
SG_003851,0.14129190380228168
SG_003852,0.19408434608912767
SG_003856,0.15850315983209093
SG_003860,0.2514916415402576
SG_003863,0.12435732426817725
SG_003865,0.1792357897618991
SG_003868,0.16536450256458282
SG_003869,0.11987173573404375
SG_003874,0.15081200112749538
SG_003878,0.2166426456775335
SG_003880,0.1706035302396401
SG_003881,0.1543058043482733
SG_003886,0.16496442499440567
SG_003896,0.16390925965000583
SG_003904,0.2007965406643782
SG_003905,0.187143253098255
SG_003906,0.14556868990623603
SG_003907,0.13664716505365332
SG_003908,0.13500499213235065
SG_003910,0.24374717983454017
SG_003917,0.14050087817186085
SG_003919,0.2049953487207123
SG_003920,0.17523469985834178
SG_003921,0.12078666150436483
SG_003922,0.20937688296165669
SG_003925,0.12619925451108782
SG_003926,0.1334764757234019
SG_003935,0.12502067490432311
SG_003937,0.14569914263959274
SG_003940,0.2257549737076944
SG_003941,0.14825770307827152
SG_003945,0.2390016871540074
SG_003951,0.24417220074423623
SG_003958,0.11504003181256939
SG_003959,0.12513734929382295
SG_003961,0.21996377435856546
SG_003966,0.13985951448890682
SG_003967,0.13995900140412892
SG_003969,0.1398295746468632
SG_003972,0.167955584994936
SG_003977,0.20001760304288063
SG_003978,0.12265336335428009
SG_003979,0.18846865730441592
SG_003988,0.125719281797443
SG_003992,0.18847858505552886
SG_003994,0.12638108962715705
SG_003995,0.2296112906217594
SG_004001,0.15292443131278502
SG_004002,0.155470605580378
SG_004011,0.13968293088552022
SG_004012,0.12008640301980908
SG_004016,0.2445316232983287
SG_004019,0.23941956483910917
SG_004034,0.20200293626414081
SG_004036,0.14363853428319834
SG_004041,0.20311999422674804
SG_004042,0.15457866483127536
SG_004045,0.12053084000769629
SG_004048,0.2552614907620157
SG_004049,0.11638774812214162
SG_004050,0.20810800012787314
SG_004054,0.1682241995936657
SG_004060,0.17475076656919541
SG_004063,0.13285961363639562
SG_004064,0.18160148617638586
SG_004065,0.24130025139100467
SG_004066,0.16076179787037356
SG_004071,0.12751651324567284
SG_004074,0.11905689445565444
SG_004078,0.22093880762765727
SG_004079,0.1299869035983054
SG_004080,0.1347078634866182
SG_004081,0.18264257834313646
SG_004083,0.2329831718139826
SG_004087,0.13162398158163635
SG_004089,0.14777329762587477
SG_004091,0.12153221977410773
SG_004093,0.20617752105191647
SG_004094,0.18942159487552793
SG_004100,0.12729645523725713
SG_004107,0.16187754675463248
SG_004109,0.15710765533381182
SG_004110,0.173255310957596
SG_004111,0.14236680911398172
SG_004123,0.12216098943995643
SG_004126,0.12663165990920616
SG_004127,0.1148599435364828
SG_004129,0.14077019233373997
SG_004130,0.12949138881841757
SG_004131,0.24368151652155193
SG_004136,0.13133986034246917
SG_004140,0.1533145502558853
SG_004149,0.13509139579576407
SG_004152,0.2147811429109075
SG_004155,0.24016429722443045
SG_004157,0.13126833889902942
SG_004163,0.13394853285908995
SG_004164,0.1655294077513656
SG_004168,0.15906016057155153
SG_004170,0.16026707128386777
SG_004171,0.14300891078091899
SG_004174,0.124079706536892
SG_004175,0.12529277739366446
SG_004178,0.14385819997122434
SG_004181,0.18157252016262038
SG_004184,0.20311143714382132
SG_004186,0.1546104969722834
SG_004187,0.22981363825501983
SG_004191,0.15344151446898882
SG_004192,0.27611059750938527
SG_004197,0.1584338728979193
SG_004201,0.2371207094307684
SG_004204,0.22029715138285924
SG_004207,0.180741557892869
SG_004209,0.293657094336253
SG_004214,0.2731671427860415
SG_004218,0.14279296514453405
SG_004220,0.1952552849019577
SG_004223,0.17712032759659918
SG_004224,0.1437516318890401
SG_004225,0.2599532622325129
SG_004228,0.16051238787402813
SG_004229,0.14545386349853887
SG_004230,0.13337290148985131
SG_004235,0.13977444368923844
SG_004238,0.18810174078874403
SG_004239,0.23403955726294878
SG_004244,0.17568972685336964
SG_004253,0.1750610562431604
SG_004256,0.14448068199050437
SG_004257,0.16198152709389224
SG_004258,0.1269502444939078
SG_004262,0.2043966692039918
SG_004263,0.12793382983757887
SG_004265,0.15502214025422592
SG_004268,0.12640730757582513
SG_004269,0.19148514825728224
SG_004271,0.12568344936548864
SG_004286,0.14406114670806708
SG_004289,0.1313414499475411
SG_004290,0.20106510019937573
SG_004291,0.2546265588014637
SG_004297,0.1748362688739761
SG_004300,0.15073020866786171
SG_004302,0.20091024273881533
SG_004305,0.14745409375897284
SG_004306,0.18505917335220828
SG_004312,0.14735243519399152
SG_004313,0.13104253981470765
SG_004315,0.20397991233059143
SG_004320,0.14501153373668083
SG_004321,0.20483221132344426
SG_004322,0.21212703289605458
SG_004325,0.1747923457684373
SG_004326,0.1822684968262572
SG_004339,0.1293657846075309
SG_004342,0.17854570025875552
SG_004347,0.1807527126729028
SG_004348,0.2496727057873868
SG_004349,0.21121231693980308
SG_004350,0.22075919621905687
SG_004357,0.11853101858122797
SG_004358,0.19195828996043637
SG_004359,0.16149015319311516
SG_004362,0.18525651217560274
SG_004365,0.1236709786232871
SG_004368,0.24210210613319597
SG_004369,0.18209161417296724
SG_004370,0.15260293465218785
SG_004378,0.16013121050161874
SG_004379,0.1855738185537898
SG_004388,0.19280251550487923
SG_004390,0.11985098228939295
SG_004391,0.1271959630460121
SG_004401,0.1345171669732287
SG_004404,0.29598807530424237
SG_004405,0.1886945743496679
SG_004406,0.14413427020587294
SG_004408,0.1726084588937431
SG_004415,0.18272685170970182
SG_004417,0.127970209519356
SG_004419,0.14458637609042913
SG_004420,0.24695117968062968
SG_004422,0.15125198054505057
SG_004423,0.1352522906481381
SG_004426,0.13003728954599442
SG_004427,0.1429059348419537
SG_004429,0.16948985903943026
SG_004432,0.13083201377705259
SG_004439,0.22656498091302021
SG_004445,0.14545863841476137
SG_004447,0.19069258323019486
SG_004448,0.12415747815648445
SG_004451,0.2098980183490929
SG_004457,0.1812594898273962
SG_004458,0.1308426854336753
SG_004460,0.14389857539386802
SG_004461,0.2581203513909528
SG_004462,0.11236828070810798
SG_004464,0.1478949715261889
SG_004465,0.1422519622188705
SG_004469,0.1273883213914648
SG_004474,0.13612550475692914
SG_004475,0.13287754014378003
SG_004476,0.12491063431488314
SG_004477,0.1923449456124806
SG_004480,0.20789211640426375
SG_004482,0.1909533280820083
SG_004484,0.13821903404546257
SG_004486,0.1440960284029167
SG_004494,0.26901372765987625
SG_004504,0.13133882783033524
SG_004508,0.1594475059078728
SG_004509,0.21618912647944835
SG_004511,0.19186557328183726
SG_004514,0.15232268463069137
SG_004515,0.16032708783302224
SG_004518,0.1652199414248528
SG_004521,0.11728800526023271
SG_004526,0.20430500305605942
SG_004530,0.18858450363192406
SG_004534,0.2669004874227498
SG_004536,0.12990070855194874
SG_004538,0.13433349178279264
SG_004539,0.19115196315400432
SG_004541,0.19277702009923772
SG_004549,0.15040151901462853
SG_004552,0.16855502063949765
SG_004553,0.12909215117197853
SG_004556,0.1429448721520177
SG_004559,0.13985371478300512
SG_004562,0.1536473982905134
SG_004565,0.15493548169241805
SG_004568,0.16017198205903999
SG_004576,0.13988135694271658
SG_004577,0.15354893337114842
SG_004593,0.22111737399128567
SG_004594,0.17408373842763783
SG_004600,0.2122632510516434
SG_004602,0.22651028233607012
SG_004608,0.13470285628295695
SG_004609,0.1735983070084844
SG_004612,0.1245815648049314
SG_004614,0.12456310194196807
SG_004617,0.15233199178931373
SG_004620,0.12608354970314858
SG_004623,0.14470613836534457
SG_004626,0.21744123463717874
SG_004631,0.17704669433613596
SG_004632,0.14053001595798015
SG_004633,0.16069936804954446
SG_004635,0.17375570585808833
SG_004637,0.15030341018032775
SG_004638,0.1477283544891113
SG_004641,0.23219263402650436
SG_004645,0.1546954837912587
SG_004652,0.13476894860700123
SG_004653,0.13173348886679323
SG_004655,0.21506528187090326
SG_004656,0.18866870320473342
SG_004658,0.13557465107034408
SG_004659,0.15187454965937972
SG_004662,0.1779256818274462
SG_004664,0.12378522937663035
SG_004668,0.14101709136807042
SG_004669,0.13808364938274006
SG_004672,0.2272371569816011
SG_004676,0.15417991333813802
SG_004682,0.1299847141736739
SG_004685,0.2330913096727391
SG_004689,0.16779521859078045
SG_004695,0.15331887887927703
SG_004697,0.14934902594592564
SG_004700,0.1756542905243364
SG_004701,0.27731801412180984
SG_004709,0.15725396190632351
SG_004710,0.1322513455029551
SG_004712,0.1398435003036192
SG_004716,0.1467326423877574
SG_004720,0.12239290272142878
SG_004721,0.12336113074768137
SG_004723,0.17175497881918497
SG_004731,0.21139432397569222
SG_004736,0.22184472468493915
SG_004737,0.21649088468791128
SG_004738,0.15860322013196015
SG_004739,0.18810283636016745
SG_004742,0.15150396239607886
SG_004751,0.250329782083358
SG_004753,0.12065777020670128
SG_004755,0.20707743461535424
SG_004757,0.11896678628799273
SG_004760,0.13934080480482347
SG_004761,0.12689686572824704
SG_004762,0.12425476292363354
SG_004763,0.16924131109692303
SG_004764,0.17787135210492075
SG_004766,0.19193458240053643
SG_004769,0.12399979369148384
SG_004772,0.13301050164710898
SG_004773,0.14741098992168902
SG_004782,0.12702835200072055
SG_004784,0.20777931944313438
SG_004786,0.19061285154713306
SG_004787,0.1724821786877825
SG_004789,0.11707579610060266
SG_004797,0.15926947439791553
SG_004798,0.14315101540072678
SG_004799,0.22984903993913522
SG_004801,0.2764762570519399
SG_004804,0.2551796153566349
SG_004813,0.17768828290403163
SG_004816,0.23197027111254975
SG_004817,0.13077865147400827
SG_004818,0.26075981350599264
SG_004821,0.14622246387557986
SG_004827,0.15527511062238908
SG_004828,0.16174639622998935
SG_004829,0.16091027857047938
SG_004830,0.22179021892958786
SG_004831,0.15817990682083832
SG_004836,0.1187405372858732
SG_004840,0.13797029705404967
SG_004842,0.14420623299958937
SG_004844,0.12146445467282067
SG_004846,0.26590207385276543
SG_004853,0.14517226115813797
SG_004855,0.19561463584470967
SG_004856,0.13080275802091584
SG_004866,0.13854417075366862
SG_004867,0.11383277025237429
SG_004868,0.284754229080748
SG_004873,0.21642660947227924
SG_004877,0.14391675273098067
SG_004881,0.13089686705967063
SG_004882,0.1958722648200958
SG_004887,0.17766734660393022
SG_004898,0.24053204492664365
SG_004900,0.161026607595854
SG_004906,0.27079449409971285
SG_004907,0.17315185608424993
SG_004912,0.2120437499654289
SG_004913,0.1534169580295623
SG_004919,0.12113573239697542
SG_004922,0.1995246896545484
SG_004923,0.16507739190678344
SG_004925,0.18163025960983414
SG_004927,0.1389474584264311
SG_004929,0.25307427532128435
SG_004930,0.22404410421424759
SG_004939,0.20458143692093098
SG_004942,0.11849755792689365
SG_004944,0.13150366001973635
SG_004945,0.12548843224299605
SG_004959,0.2156901349430506
SG_004960,0.20749255947301112
SG_004964,0.1272036511827786
SG_004968,0.26693460464365365
SG_004969,0.21731486074647094
SG_004973,0.23187285415512932
SG_004975,0.26235897535878044
SG_004981,0.18807909302391446
SG_004985,0.26238418290434823
SG_004988,0.14310671898865948
SG_004990,0.15596535449507
SG_004993,0.13999899413496314
SG_004997,0.11127561309498954
SG_005000,0.14327701240037755
SG_005002,0.2040953734574761
SG_005004,0.29915353814249684
SG_005011,0.1253568147603484
SG_005013,0.13641518755045032
SG_005018,0.1404676315346416
SG_005019,0.1301042854383386
SG_005020,0.12575611446604062
SG_005022,0.14216443574900886
SG_005027,0.14007592258937612
SG_005029,0.1168950162963247
SG_005030,0.12576100180305572
SG_005031,0.14426916339893783
SG_005033,0.13060227340015756
SG_005037,0.12573730846847048
SG_005041,0.12354551895313279
SG_005048,0.17119245274664593
SG_005049,0.1535185367764272
SG_005052,0.15479397209209073
SG_005057,0.1722902091504268
SG_005058,0.14733057581086922
SG_005062,0.2538867366405647
SG_005080,0.1355221122909247
SG_005085,0.12685339613125945
SG_005086,0.16454013020860073
SG_005089,0.19126265015268692
SG_005090,0.12156670100888592
SG_005091,0.25905509472582333
SG_005094,0.21511761867163343
SG_005097,0.164436636088657
SG_005098,0.1676123268223773
SG_005100,0.20251881112379108
SG_005101,0.2184954882475679
SG_005102,0.2586990542569615
SG_005108,0.22328503555649784
SG_005110,0.290701349379278
SG_005114,0.1799771105778028
SG_005120,0.17132057475721735
SG_005122,0.1747787798007934
SG_005123,0.14500130326674512
SG_005126,0.15035481689302801
SG_005131,0.11873132959549751
SG_005132,0.11151850168826805
SG_005134,0.1309986894076421
SG_005137,0.12355882671676563
SG_005140,0.1569100731608031
SG_005141,0.17236422829889264
SG_005142,0.1730124357115185
SG_005143,0.11537751951179956
SG_005148,0.23879999517198813
SG_005161,0.23957068143413304
SG_005168,0.2637356622574945
SG_005170,0.1281630470767889
SG_005171,0.1766253590765124
SG_005174,0.14813051610522118
SG_005175,0.1430605207288111
SG_005178,0.22838739336420985
SG_005179,0.11439041572832445
SG_005188,0.22490258310981268
SG_005190,0.20030212592287183
SG_005191,0.1221430531268061
SG_005194,0.26102112919750403
SG_005196,0.12945446890664508
SG_005199,0.13395941093410685
SG_005200,0.12590180967357525
SG_005203,0.15400000755854912
SG_005205,0.195143789675102
SG_005213,0.12854388786933907
SG_005214,0.15325734246485473
SG_005216,0.2232495440814039
SG_005220,0.1429725064044301
SG_005224,0.13421055274546106
SG_005228,0.23878143124065096
SG_005233,0.11998883701996033
SG_005235,0.17726362065184328
SG_005240,0.11640190564895007
SG_005241,0.15219096648740452
SG_005246,0.20969538810555277
SG_005247,0.16192276943631284
SG_005248,0.17769315164100813
SG_005250,0.17463450874780256
SG_005251,0.21103252037296158
SG_005253,0.12776325244342662
SG_005255,0.1299181213796711
SG_005264,0.17388280604629663
SG_005268,0.11982201649252397
SG_005270,0.1485427948679515
SG_005277,0.22711407997353775
SG_005282,0.11737696021976993
SG_005283,0.18072673952568605
SG_005284,0.15950497388123183
SG_005287,0.2139033313948179
SG_005289,0.195991067298383
SG_005291,0.16656623045289082
SG_005292,0.1306159504982084
SG_005296,0.11525447351943408
SG_005302,0.13995021610762343
SG_005305,0.178517019220983
SG_005311,0.18210710910252748
SG_005312,0.1723894610751918
SG_005313,0.15445736065757187
SG_005316,0.1338180546257192
SG_005320,0.22954007033151624
SG_005321,0.1923544604797473
SG_005322,0.20979476758574664
SG_005323,0.27647973146495475
SG_005325,0.1383451624357209
SG_005328,0.14880739133987197
SG_005329,0.1573840562930875
SG_005332,0.1893238292354091
SG_005333,0.21822452563536196
SG_005335,0.12667736652847947
SG_005340,0.17180645014243842
SG_005341,0.2100812014155402
SG_005346,0.2576645853119431
SG_005350,0.29988520189586787
SG_005351,0.137985618273437
SG_005353,0.11273726557484054
SG_005356,0.13709183555113266
SG_005360,0.21439980099572775
SG_005362,0.17439922707253663
SG_005363,0.12276566023555294
SG_005365,0.14609085909596983
SG_005371,0.13286617216217947
SG_005372,0.1313789433607579
SG_005376,0.2199235245186105
SG_005378,0.17458643741038996
SG_005379,0.12369690284323509
SG_005380,0.2444331017647457
SG_005384,0.2325563608107351
SG_005386,0.17610581277619078
SG_005387,0.24228295058567237
SG_005397,0.22170147460436626
SG_005401,0.23758847856911752
SG_005408,0.23216720201129562
SG_005412,0.16856260082472918
SG_005414,0.19572471711186487
SG_005421,0.1801082976316339
SG_005424,0.12040058443983778
SG_005428,0.22947823977063603
SG_005432,0.15053353151368162
SG_005439,0.23738354308381937
SG_005444,0.13139833198401313
SG_005445,0.17573541310185914
SG_005446,0.13523016096887722
SG_005447,0.2820901766498424
SG_005449,0.14833207862092923
SG_005450,0.21658093538607548
SG_005451,0.15020859748849544
SG_005452,0.1288885470427622
SG_005456,0.14482208906913885
SG_005457,0.12356342863897878
SG_005459,0.11020499240850923
SG_005460,0.1508441460266977
SG_005465,0.2056704649250614
SG_005466,0.23442602008398183
SG_005470,0.26508340783927786
SG_005473,0.21259528312009449
SG_005477,0.18977233867939844
SG_005486,0.13876626888838994
SG_005489,0.14092747563683616
SG_005491,0.24773019900869428
SG_005496,0.1259029026931458
SG_005497,0.21665228231334704
SG_005499,0.2232536519185798
SG_005503,0.15658383137790827
SG_005504,0.12532440975448475
SG_005506,0.1474583500991522
SG_005510,0.12850138842704167
SG_005511,0.23074315922244865
SG_005515,0.1331293312962079
SG_005518,0.18088184272366023
SG_005519,0.23467751838165135
SG_005524,0.2425748112174416
SG_005529,0.17340489225428418
SG_005530,0.1871828517220006
SG_005531,0.1727739756279047
SG_005532,0.12210324038241213
SG_005534,0.20485656609959885
SG_005535,0.17706717825782656
SG_005541,0.17493853791771774
SG_005542,0.1361230556454522
SG_005550,0.13143858813127088
SG_005555,0.15607965435603025
SG_005557,0.1403385865483496
SG_005565,0.16967994267009706
SG_005569,0.14573166534607807
SG_005572,0.1183610053623501
SG_005575,0.12398907434977191
SG_005579,0.27920857753831163
SG_005580,0.14045487395930273
SG_005583,0.12344173378260806
SG_005591,0.20822604901662767
SG_005592,0.14253209407937178
SG_005593,0.1317053019087681
SG_005594,0.15580221987912043
SG_005599,0.16764203152664633
SG_005603,0.22447484058806713
SG_005606,0.15479790585018086
SG_005611,0.153897788095527
SG_005615,0.22382488201034073
SG_005622,0.1502744732912829
SG_005625,0.16117325568362542
SG_005630,0.18045567627050502
SG_005634,0.149241433238757
SG_005635,0.17547182136032138
SG_005636,0.25305121841012534
SG_005638,0.25676074866707277
SG_005640,0.13642375405697
SG_005643,0.14182476343758635
SG_005644,0.13771859172617656
SG_005645,0.20940913885356055
SG_005650,0.18121956845502657
SG_005654,0.2711820327664987
SG_005655,0.12013973300073628
SG_005656,0.17120936822314725
SG_005661,0.23459820617538676
SG_005664,0.12639858089141578
SG_005666,0.24522702513250993
SG_005671,0.13590812256005125
SG_005681,0.14350946346591428
SG_005683,0.21644803397753973
SG_005687,0.1422049680610306
SG_005688,0.1375460537100403
SG_005691,0.16043681186002923
SG_005692,0.19924299317888627
SG_005693,0.14171122502085998
SG_005694,0.1998462339216117
SG_005696,0.16424990038024545
SG_005703,0.1619686305003457
SG_005704,0.1384144233612694
SG_005706,0.2840766359722792
SG_005707,0.1757332923557784
SG_005713,0.13416622782281012
SG_005715,0.14301093821497196
SG_005719,0.14498328663055432
SG_005722,0.1118746119629693
SG_005724,0.16105195097090383
SG_005725,0.15251885742574597
SG_005726,0.11618373920593941
SG_005730,0.21706360964492083
SG_005735,0.13683096606315062
SG_005736,0.2307559086549765
SG_005740,0.13278297065042982
SG_005748,0.19153169900845718
SG_005750,0.15042093736756795
SG_005753,0.20126722884766854
SG_005758,0.1317397883207082
SG_005759,0.12928718634750055
SG_005764,0.12125910347762829
SG_005765,0.12468583350343898
SG_005772,0.16455233314159678
SG_005773,0.12862083576839461
SG_005776,0.1353766997333634
SG_005778,0.17651683787604383
SG_005784,0.1317991406448445
SG_005786,0.1359166591323048
SG_005789,0.1776021498072548
SG_005794,0.16405426394321113
SG_005796,0.1298300423380015
SG_005801,0.1967092106151525
SG_005807,0.11775264245441981
SG_005809,0.13027313983173278
SG_005811,0.14960406303222218
SG_005813,0.12559997162332368
SG_005814,0.18150799599728015
SG_005817,0.20759722449129975
SG_005818,0.15432709004677508
SG_005820,0.11942616309651215
SG_005821,0.13684122815086325
SG_005824,0.11947582504794911
SG_005825,0.23743846242034788
SG_005827,0.13817398452995133
SG_005828,0.21471905146082143
SG_005830,0.14741979521703713
SG_005838,0.22204387339094972
SG_005840,0.24650187332141393
SG_005842,0.15647575176810788
SG_005846,0.1576828151248764
SG_005847,0.11381017399393063
SG_005848,0.2557291208591949
SG_005857,0.23696757588993078
SG_005861,0.12399342027129798
SG_005862,0.19692765058997191
SG_005871,0.1406721703769212
SG_005872,0.255665975237371
SG_005873,0.13386123877213305
SG_005874,0.13436794419218331
SG_005875,0.2108588823874415
SG_005877,0.12494236069415665
SG_005880,0.12016245305073325
SG_005884,0.1573315055471986
SG_005892,0.23759919786544392
SG_005894,0.1446907535585415
SG_005898,0.2088465213580229
SG_005899,0.15566291293055037
SG_005905,0.16307125086630658
SG_005909,0.12525647708339058
SG_005910,0.2333230626316724
SG_005920,0.15799714804469683
SG_005921,0.203389144674447
SG_005922,0.14280525798763882
SG_005925,0.14204151337907542
SG_005928,0.14529975260890812
SG_005932,0.1259726731433506
SG_005934,0.19662648398030033
SG_005935,0.13157777390704672
SG_005937,0.13791588018945108
SG_005939,0.12957918845872912
SG_005943,0.16756067569816385
SG_005951,0.12167134367742834
SG_005955,0.2192099954335715
SG_005959,0.21570101194810803
SG_005966,0.1734732816661531
SG_005967,0.2211531492836761
SG_005969,0.28134576831998354
SG_005976,0.244329063453513
SG_005977,0.18745965258102631
SG_005979,0.17106069383380745
SG_005980,0.1433422431501264
SG_005985,0.21793909667135508
SG_005986,0.2467155815492114
SG_005991,0.27233681323145803
SG_005999,0.12802541503058568
SG_006000,0.2529935476935286
SG_006004,0.20856823196254992
SG_006009,0.19281235500352872
SG_006012,0.12770284225478745
SG_006013,0.24031019585619803
SG_006022,0.16993547208442578
SG_006023,0.20317699835854114
SG_006026,0.13257390317653084
SG_006028,0.15327937986722576
SG_006029,0.14566463166330096
SG_006033,0.15802111094576057
SG_006035,0.12629306182247874
SG_006036,0.14141490356842773
SG_006038,0.1615366355813472
SG_006039,0.24110601621442726
SG_006041,0.1346158829467236
SG_006047,0.17368987141812128
SG_006049,0.14097853227347173
SG_006050,0.195903631615697
SG_006054,0.11475008156604197
SG_006063,0.16094851945016964
SG_006067,0.23308514494299196
SG_006069,0.28637935969629286
SG_006073,0.11764440741181725
SG_006074,0.12279684994039297
SG_006075,0.12049859697244507
SG_006076,0.1467570303122232
SG_006077,0.21932818417051497
SG_006079,0.2150079389218643
SG_006081,0.11686794740037783
SG_006086,0.12444714422226381
SG_006092,0.14016378091802822
SG_006095,0.15127585966576418
SG_006097,0.20531618613601382
SG_006099,0.21407894485173634
SG_006101,0.1524882977221457
SG_006112,0.21456693967251655
SG_006122,0.15730977589794232
SG_006127,0.18198351966389614
SG_006131,0.12691555033739668
SG_006133,0.13507299630429373
SG_006136,0.15672431413582577
SG_006137,0.1929783417792038
SG_006140,0.2687369438329411
SG_006143,0.12738532003844277
SG_006148,0.2167700866002876
SG_006150,0.21337034860969895
SG_006151,0.18986312150465862
SG_006154,0.12786373230151307
SG_006161,0.14374397324005253
SG_006163,0.19640370310332306
SG_006169,0.18084001750550582
SG_006170,0.1556129936159615
SG_006179,0.16670909059949063
SG_006181,0.13053946374588538
SG_006184,0.12493612168166898
SG_006187,0.12159204320040433
SG_006189,0.17320235656552901
SG_006197,0.12050785983143486
SG_006202,0.1526648286892756
SG_006206,0.13427071567069265
SG_006212,0.19320530173965517
SG_006213,0.24813604345343432
SG_006218,0.14689851024682057
SG_006222,0.16526088353524668
SG_006224,0.13399375681569956
SG_006225,0.26563207384208914
SG_006226,0.2364476828081362
SG_006229,0.13887812711942166
SG_006237,0.22861548839463347
SG_006238,0.11927775228325108
SG_006240,0.11857028544913831
SG_006241,0.12490613496444139
SG_006242,0.18609739748482151
SG_006244,0.21029690650309035
SG_006245,0.12284735433888372
SG_006247,0.18323914588528634
SG_006250,0.15481169836741543
SG_006251,0.16024375030916307
SG_006252,0.15966042111139828
SG_006254,0.16969243590101368
SG_006256,0.2037435761549536
SG_006260,0.1581550516941835
SG_006262,0.16164208759489687
SG_006263,0.13120425155107146
SG_006264,0.1228226359133711
SG_006266,0.2388298042955613
SG_006269,0.24516731052376817
SG_006275,0.2899264604310171
SG_006277,0.13722876245816723
SG_006283,0.13326322374544305
SG_006284,0.12633905697913822
SG_006287,0.17296630055844286
SG_006288,0.13029704051290053
SG_006300,0.14048511221055995
SG_006301,0.14025461349121554
SG_006304,0.18702205655361598
SG_006306,0.1802749926611618
SG_006313,0.15147591159440507
SG_006315,0.15273628748290213
SG_006317,0.17062617184289727
SG_006320,0.14585357314222205
SG_006322,0.17803294377848453
SG_006326,0.13589197296814928
SG_006328,0.19119254519660756
SG_006331,0.1557581250616927
SG_006337,0.1952840866298592
SG_006340,0.15944053999446456
SG_006345,0.22687129383559376
SG_006348,0.12059831709880664
SG_006349,0.11711199097951515
SG_006356,0.1538874132907206
SG_006357,0.14439246418890592
SG_006358,0.16183346605664312
SG_006360,0.2440666180485939
SG_006371,0.14385124884061207
SG_006373,0.15799610561343194
SG_006380,0.18690763401114222
SG_006382,0.13715725371291768
SG_006388,0.10875484607232633
SG_006393,0.16048554914692464
SG_006394,0.11953625546918065
SG_006396,0.12190812697399686
SG_006398,0.15725572521537487
SG_006400,0.15766723768345378
SG_006403,0.17529528598854163
SG_006404,0.12803103297774437
SG_006411,0.1411187559766222
SG_006417,0.20772761521325722
SG_006418,0.16811094655308514
SG_006420,0.2634843255169915
SG_006421,0.12456294757312023
SG_006423,0.12022956219842666
SG_006424,0.17943585146085722
SG_006429,0.2118400616196662
SG_006435,0.14805541281174578
SG_006438,0.18700097308119093
SG_006439,0.260993644853849
SG_006441,0.1211541281208927
SG_006445,0.1380830298170754
SG_006446,0.14891182338852302
SG_006448,0.1768843908845387
SG_006451,0.12471852764693822
SG_006452,0.16332794138265394
SG_006455,0.15257329008256715
SG_006463,0.24217633650133658
SG_006467,0.12707452137221273
SG_006469,0.16120865305174248
SG_006470,0.17514780817095438
SG_006477,0.1690052961166491
SG_006480,0.23706393419437172
SG_006486,0.16101696812546823
SG_006487,0.12498530878039431
SG_006488,0.2295470886193775
SG_006490,0.1830329892761968
SG_006491,0.23046929640618002
SG_006493,0.16014579823608924
SG_006494,0.14967976684154666
SG_006496,0.12611657667733372
SG_006497,0.19423483237946354
SG_006498,0.2787864206225261
SG_006500,0.17640084689190438
SG_006502,0.13509314053520677
SG_006503,0.17912483146768401
SG_006505,0.2714492825589919
SG_006506,0.2541059267498526
SG_006507,0.15997618222811136
SG_006512,0.14565077671397986
SG_006516,0.14918360752204857
SG_006520,0.12389287528089758
SG_006522,0.14888427375903948
SG_006528,0.2059599939323577
SG_006534,0.1708399055136341
SG_006535,0.19486378275468919
SG_006536,0.1599286982753112
SG_006537,0.13617609424893057
SG_006539,0.23115243555303486
SG_006541,0.13504480763050844
SG_006543,0.2454006704243244
SG_006545,0.20762988220887477
SG_006548,0.162813161623305
SG_006550,0.12267874517188977
SG_006551,0.12758906414869314
SG_006557,0.16184115633372415
SG_006560,0.12159409291392778
SG_006564,0.28882286158320214
SG_006566,0.25511242527583533
SG_006567,0.26214850873378037
SG_006577,0.16730244326075777
SG_006579,0.1355699070394635
SG_006581,0.12363715249712878
SG_006588,0.12793838945064384
SG_006592,0.17725391381346328
SG_006597,0.11890957288389488
SG_006601,0.20124727071641094
SG_006607,0.12016488801438037
SG_006608,0.139164753138523
SG_006610,0.11906015534066808
SG_006615,0.20645494908381817
SG_006616,0.15644156634974388
SG_006620,0.16245447716431047
SG_006622,0.1492554919695532
SG_006623,0.17596602876334064
SG_006624,0.14514440402959017
SG_006626,0.2032733905432141
SG_006627,0.2953964797875929
SG_006633,0.138702060653708
SG_006637,0.1775291301739082
SG_006638,0.2659001892578477
SG_006639,0.19934072324600732
SG_006644,0.1618727223518129
SG_006645,0.18353363476070172
SG_006651,0.17152695211977464
SG_006659,0.14911335928700284
SG_006664,0.12945702704178919
SG_006668,0.14638850770139494
SG_006673,0.13647536036037153
SG_006687,0.17292757686693666
SG_006688,0.18112832761919923
SG_006690,0.18470270684936643
SG_006693,0.20266351371012328
SG_006698,0.18514258385540563
SG_006700,0.17919585528400037
SG_006706,0.15763051422073257
SG_006710,0.1311127422044129
SG_006713,0.13859867068265802
SG_006716,0.15475828082600665
SG_006728,0.14596000854790123
SG_006734,0.23026686571744262
SG_006736,0.21580663893638924
SG_006744,0.18454239595417593
SG_006745,0.16402773068280546
SG_006749,0.13679169445097195
SG_006758,0.12641184386272827
SG_006760,0.15325656005260765
SG_006765,0.1895377193296761
SG_006766,0.2059268720976683
SG_006769,0.16964862008587023
SG_006778,0.1353445247104143
SG_006780,0.1360647537842285
SG_006781,0.15617904631095264
SG_006786,0.19309400977882435
SG_006789,0.16324672787792366
SG_006792,0.20579354979858006
SG_006793,0.12119950100812607
SG_006800,0.2050675774371955
SG_006802,0.15162989922972198
SG_006808,0.150822413046455
SG_006820,0.1414966904139952
SG_006833,0.14710239776068162
SG_006835,0.1639306391847765
SG_006837,0.1350158649354913
SG_006841,0.1614480440356473
SG_006847,0.15498375549966106
SG_006848,0.1362262609681645
SG_006851,0.12654060806043527
SG_006852,0.1724385229126395
SG_006860,0.13670685944969568
SG_006861,0.14056255504997786
SG_006863,0.13791451754362355
SG_006866,0.1888493670549715
SG_006868,0.17008351485381806
SG_006874,0.14524049818597207
SG_006877,0.1264855721882723
SG_006879,0.15319485604767652
SG_006880,0.1334814712767475
SG_006881,0.1876133391820545
SG_006889,0.11896532508448635
SG_006890,0.2819887544280868
SG_006897,0.3056633137399105
SG_006901,0.201763729612717
SG_006908,0.14395700547803114
SG_006910,0.2203625330242084
SG_006914,0.24197981223873657
SG_006918,0.17669698210184567
SG_006924,0.1363819194905457
SG_006925,0.25510520632998784
SG_006927,0.21570658151946825
SG_006929,0.1662133706840962
SG_006937,0.1999619553705144
SG_006938,0.1301543025188372
SG_006940,0.1442604874422228
SG_006942,0.1312630682210326
SG_006945,0.12234891378607596
SG_006949,0.18033591031146062
SG_006950,0.22010933432975302
SG_006951,0.15734936608593403
SG_006953,0.12342490521637157
SG_006954,0.1713869645167571
SG_006956,0.2534888240053176
SG_006957,0.2466141866447608
SG_006962,0.13301458283896817
SG_006963,0.12246392049054018
SG_006964,0.13496142616188897
SG_006966,0.12320889690291029
SG_006970,0.16245540836876288
SG_006971,0.20586767690337093
SG_006972,0.15594850631751161
SG_006974,0.2510168118608958
SG_006977,0.1566608770490594
SG_006978,0.12449529831001085
SG_006981,0.18754014910232863
SG_006982,0.30723480942060055
SG_006983,0.12650556529443707
SG_006984,0.1297997601696253
SG_006987,0.23310053094151958
SG_006994,0.13732683057668077
SG_006997,0.12235421194703988
SG_007002,0.1829540610723437
SG_007005,0.17032833311745366
SG_007009,0.14646331625656778
SG_007011,0.13644190119566954
SG_007017,0.11312699730030029
SG_007018,0.11284355730242676
SG_007019,0.15401685271693338
SG_007029,0.15447990315236934
SG_007030,0.12516517078270217
SG_007033,0.2051550849713355
SG_007040,0.1418392141693395
SG_007047,0.21595138537408304
SG_007054,0.1275865318971551
SG_007055,0.28108496226830776
SG_007056,0.16849688208273023
SG_007061,0.15770633947209542
SG_007062,0.12861428750120357
SG_007067,0.14373987230864693
SG_007068,0.1673021053927899
SG_007069,0.24321622788643893
SG_007073,0.13265752975158235
SG_007075,0.18949067487730775
SG_007076,0.13496565237818686
SG_007078,0.2552632628233262
SG_007080,0.14161056200311778
SG_007091,0.16189915959890083
SG_007095,0.1720369516699591
SG_007100,0.16721126181803142
SG_007104,0.1624090827134793
SG_007112,0.15262181220683052
SG_007114,0.2188074659651448
SG_007127,0.12819746728023101
SG_007130,0.13344274527177738
SG_007133,0.18446030030408805
SG_007136,0.1356277103038647
SG_007138,0.2582817739078541
SG_007139,0.12705237128979918
SG_007143,0.20296744389772453
SG_007146,0.1589081716710988
SG_007150,0.13991448479395796
SG_007155,0.20430225795594867
SG_007157,0.1594165674392069
SG_007160,0.20076775958960164
SG_007162,0.14169318926917832
SG_007163,0.20862325183524186
SG_007166,0.2089381877761248
SG_007168,0.12371380611664315
SG_007170,0.151651659082358
SG_007179,0.13753879366481153
SG_007181,0.13037232736245633
SG_007183,0.15402381629039122
SG_007186,0.12127512587438269
SG_007202,0.14629693228631754
SG_007203,0.18518920865851524
SG_007204,0.13591198531971982
SG_007205,0.24970750959652827
SG_007210,0.2466639285378954
SG_007212,0.18149656041309198
SG_007215,0.13519154698168223
SG_007218,0.1538310497709673
SG_007226,0.12548671728367194
SG_007229,0.15080040466843206
SG_007231,0.24574582264415099
SG_007234,0.1443513052802437
SG_007237,0.2909467651715464
SG_007239,0.12080374740778013
SG_007240,0.18186336135634906
SG_007249,0.19148578513291992
SG_007252,0.1194676215543162
SG_007255,0.12801786255204248
SG_007256,0.16921576952581585
SG_007257,0.20256918874874605
SG_007263,0.16930270477699821
SG_007264,0.1306866556512083
SG_007265,0.15739994709399982
SG_007268,0.16817985548457481
SG_007271,0.18542637527727707
SG_007275,0.19739744460113043
SG_007280,0.16537419403418466
SG_007281,0.2130198686836105
SG_007282,0.13490974492325142
SG_007283,0.12505312219743284
SG_007287,0.15941999187816552
SG_007288,0.17529611019318786
SG_007301,0.2293254891101862
SG_007307,0.1615421255573462
SG_007310,0.1363541360505776
SG_007312,0.1775694702518658
SG_007314,0.2692004612573986
SG_007319,0.13093958384562643
SG_007326,0.14321188876747257
SG_007331,0.125690342633858
SG_007333,0.22963534590876797
SG_007334,0.1661647268516891
SG_007338,0.12282459115309782
SG_007340,0.275321048635601
SG_007345,0.11726979009498958
SG_007349,0.18070230792163852
SG_007356,0.1296108734971828
SG_007358,0.11216537046351507
SG_007368,0.16326855815594102
SG_007370,0.13581471322992567
SG_007371,0.16429610216743384
SG_007372,0.1462402097979319
SG_007375,0.12808781452333745
SG_007378,0.18529345878129044
SG_007379,0.11963766380107062
SG_007380,0.17758106543533214
SG_007383,0.12015671017307786
SG_007384,0.24943366274973172
SG_007389,0.1498329868193483
SG_007390,0.12710994846127052
SG_007401,0.25422169779402687
SG_007403,0.17792454879408073
SG_007406,0.1291767588203851
SG_007409,0.21993435899084476
SG_007410,0.24181243059980612
SG_007413,0.1993253402388317
SG_007416,0.19293336794625554
SG_007419,0.19311468819325278
SG_007420,0.22549431679515677
SG_007423,0.21263265204388918
SG_007424,0.25735622005509284
SG_007428,0.27117762216030744
SG_007433,0.17244758272192762
SG_007434,0.11826367358311567
SG_007437,0.1548066996589538
SG_007441,0.2059208368195104
SG_007443,0.22211454541553163
SG_007450,0.11747669955352569
SG_007452,0.27628113784885455
SG_007455,0.14755283055318508
SG_007462,0.23460099076921245
SG_007464,0.19296680238329889
SG_007466,0.2104261351222146
SG_007469,0.14482260773915057
SG_007470,0.28912913096212367
SG_007472,0.1231120616586768
SG_007476,0.1573040034542808
SG_007486,0.23512540572893773
SG_007489,0.18692060589876383
SG_007490,0.1396911053026346
SG_007495,0.22016441851866492
SG_007499,0.21008310163214633
SG_007506,0.12520479310418586
SG_007508,0.1317010151668337
SG_007509,0.1342628900387148
SG_007517,0.17888423184097516
SG_007518,0.2645095530400826
SG_007522,0.23132979583627114
SG_007524,0.1646760227435331
SG_007527,0.1244025072905798
SG_007535,0.13246689707944598
SG_007540,0.207671802156525
SG_007546,0.16236901453581173
SG_007552,0.1805380766819314
SG_007553,0.175862050196036
SG_007557,0.20305105830462403
SG_007558,0.23875153895770476
SG_007560,0.20542652815687248
SG_007568,0.11516822730558889
SG_007571,0.21900175627153615
SG_007573,0.15643175380564528
SG_007577,0.13144391642351266
SG_007578,0.16192459114996097
SG_007579,0.10948003693212534
SG_007582,0.22651593201642597
SG_007586,0.12005951678629519
SG_007587,0.19655065428684826
SG_007589,0.18226499078251573
SG_007591,0.12962601390469786
SG_007595,0.16784835540607182
SG_007597,0.16514628229792921
SG_007599,0.12476915641876316
SG_007602,0.18058450052623362
SG_007605,0.1294708087300157
SG_007609,0.1296920193761683
SG_007614,0.27306784653551114
SG_007620,0.14513509957222376
SG_007628,0.22410360576154664
SG_007630,0.18605413813353938
SG_007646,0.17549787410575055
SG_007648,0.1487824235150366
SG_007654,0.15408110013642665
SG_007655,0.17881656865683387
SG_007656,0.28601699794060176
SG_007657,0.22390331454858972
SG_007658,0.14063276014764808
SG_007659,0.19880942346063418
SG_007660,0.16871443976266548
SG_007663,0.12220952222055137
SG_007665,0.27711953923204113
SG_007667,0.15936585903831937
SG_007670,0.1409697527201788
SG_007678,0.1297309445409351
SG_007679,0.25828637069069715
SG_007681,0.1399226956105936
SG_007685,0.14458470544968724
SG_007686,0.18407786625397166
SG_007687,0.14794708829973635
SG_007688,0.1343882734850027
SG_007691,0.12747934463320182
SG_007696,0.12805794138757404
SG_007698,0.1503803719531135
SG_007700,0.18815849045126726
SG_007703,0.14179981920436974
SG_007704,0.12645486614170678
SG_007706,0.22025418106854958
SG_007711,0.1638744131989333
SG_007712,0.17805786882744884
SG_007714,0.1294713580813041
SG_007717,0.18397764665247446
SG_007719,0.16909895709109452
SG_007720,0.1341338352867244
SG_007721,0.14272100714267338
SG_007728,0.15374735033552395
SG_007737,0.2527232947393975
SG_007741,0.14326887135494296
SG_007742,0.13933423468776554
SG_007744,0.14746692587021
SG_007746,0.21195964373306614
SG_007748,0.14717446211769275
SG_007750,0.13936211927726916
SG_007751,0.11413019109258474
SG_007752,0.12029314859975368
SG_007758,0.2584986582106438
SG_007760,0.13937415324872998
SG_007762,0.23693884656580683
SG_007770,0.12887514248829085
SG_007772,0.1832079087739965
SG_007776,0.11967769732629607
SG_007780,0.20360529868119026
SG_007781,0.1416290143888056
SG_007782,0.20470217778424532
SG_007787,0.17302487692781504
SG_007800,0.21667608831947455
SG_007801,0.20385371801649668
SG_007804,0.11944941325725492
SG_007805,0.23739564190872095
SG_007807,0.16761297539941694
SG_007808,0.23527130953943282
SG_007813,0.1573142270924548
SG_007815,0.12154303283593734
SG_007817,0.1672927733438374
SG_007818,0.2255229758996245
SG_007820,0.15935924526883838
SG_007822,0.16607519220557823
SG_007823,0.16381137954807518
SG_007824,0.12233292228340811
SG_007834,0.1319345586492953
SG_007836,0.12098508403322165
SG_007839,0.20748825697597253
SG_007842,0.1125332057445609
SG_007844,0.14473718860367982
SG_007846,0.12352910144334114
SG_007849,0.13484249395925507
SG_007858,0.18078506486373053
SG_007864,0.20612862089787382
SG_007866,0.1622559037661373
SG_007875,0.15770245683934517
SG_007876,0.14757294788520645
SG_007880,0.14241072243624403
SG_007884,0.16517323873778164
SG_007889,0.2024649409092684
SG_007892,0.14412016347783638
SG_007897,0.13185982210286568
SG_007898,0.18715817589802636
SG_007899,0.14376535676181712
SG_007901,0.2081921708769124
SG_007908,0.24584561269389008
SG_007910,0.15894341665513742
SG_007922,0.1580357939003743
SG_007923,0.13103386835910813
SG_007926,0.23072055585317658
SG_007931,0.19395510884808048
SG_007933,0.17185411954906912
SG_007939,0.1951295664003605
SG_007940,0.13135967067869908
SG_007946,0.13803668458125906
SG_007947,0.18144590054317772
SG_007948,0.16526468793640864
SG_007954,0.11542163107806107
SG_007957,0.12916482922271463
SG_007960,0.2177668460363436
SG_007964,0.15268142418562136
SG_007965,0.14399792486377833
SG_007980,0.21713014400513247
SG_007985,0.1481816407902013
SG_007992,0.1276096864610104
SG_007996,0.16166590572697306
SG_007998,0.14082948072313067
SG_007999,0.13279615328895708
SG_008014,0.13397871690200153
SG_008015,0.127416634836817
SG_008020,0.14533135964778893
SG_008026,0.13757272804268023
SG_008033,0.13031789013079942
SG_008043,0.13928879104646522
SG_008050,0.14138242126847916
SG_008055,0.15148639986635226
SG_008056,0.20769560337030918
SG_008058,0.17165682056900702
SG_008067,0.16037710256857637
SG_008074,0.199254203529338
SG_008076,0.17625125073007486
SG_008081,0.183831378473219
SG_008091,0.12245036288099753
SG_008099,0.1684923035058647
SG_008100,0.1444205335548166
SG_008101,0.13061490091601294
SG_008104,0.22017486165644815
SG_008115,0.15817085976694636
SG_008117,0.1240375286375458
SG_008118,0.17749425965411317
SG_008127,0.1597338050555388
SG_008131,0.1697600875778724
SG_008133,0.1485900303631549
SG_008137,0.1802606358104041
SG_008140,0.1971482834550794
SG_008141,0.19388733507284844
SG_008145,0.1378038303375694
SG_008152,0.13715639539565735
SG_008156,0.23690649717552228
SG_008160,0.14499902790931843
SG_008164,0.21050357815804888
SG_008167,0.20662788792716968
SG_008175,0.1643985302388441
SG_008176,0.2397824737398236
SG_008183,0.21783453701493527
SG_008188,0.16803741806137074
SG_008191,0.12750278583075475
SG_008192,0.21908435486975955
SG_008193,0.12600102034974064
SG_008195,0.16845508796939485
SG_008202,0.17678721410655557
SG_008213,0.19317984463208088
SG_008217,0.25794395972752354
SG_008224,0.1672441465255054
SG_008228,0.16814271415422719
SG_008229,0.12945903287332844
SG_008237,0.13513461666966622
SG_008242,0.1172585885573508
SG_008246,0.1507570430350421
SG_008248,0.1290284518591127
SG_008249,0.2059530851364461
SG_008253,0.1819809908565091
SG_008257,0.19741793942572725
SG_008261,0.22386924842349845
SG_008264,0.1591155540076256
SG_008265,0.1814149069256262
SG_008281,0.18146595483953032
SG_008283,0.1408958937270072
SG_008287,0.11826451887943093
SG_008291,0.26152608981192904
SG_008293,0.18388300065474925
SG_008294,0.12983822364556677
SG_008296,0.15281048855148266
SG_008298,0.16454857344992857
SG_008309,0.15823594505427438
SG_008310,0.1649096961767381
SG_008312,0.1523796425275488
SG_008316,0.2118466647494972
SG_008317,0.11863978731321514
SG_008318,0.12998596499701184
SG_008327,0.12304296818480184
SG_008330,0.17420242420264848
SG_008333,0.11479831099416105
SG_008336,0.15507870388782047
SG_008345,0.12619105939813827
SG_008347,0.11802918185090376
SG_008355,0.21774527020774564
SG_008358,0.15073751672582342
SG_008359,0.244852292243415
SG_008360,0.14562015561992808
SG_008361,0.13015183678765957
SG_008362,0.21969634118299258
SG_008365,0.145409636709451
SG_008366,0.2217283424103737
SG_008375,0.2431968666871213
SG_008376,0.16590475180695383
SG_008382,0.13014727081626593
SG_008383,0.1496712259798902
SG_008388,0.20023689944716927
SG_008389,0.2092570960880283
SG_008392,0.16245237578178714
SG_008396,0.12835368822923643
SG_008402,0.15923561917959
SG_008410,0.14266673530570978
SG_008413,0.23836135638436895
SG_008417,0.1979324902084474
SG_008420,0.2297061923307032
SG_008422,0.17246241647322852
SG_008435,0.22462022525393407
SG_008440,0.11844242913375416
SG_008441,0.1830641443342919
SG_008442,0.13700231871052257
SG_008443,0.13101998337485982
SG_008444,0.14569369151984374
SG_008449,0.18117619890474945
SG_008452,0.1956149436825854
SG_008457,0.1902158497260879
SG_008459,0.2219656600462641
SG_008462,0.1729116189372419
SG_008467,0.19154805464852037
SG_008468,0.15558306847596487
SG_008478,0.12246039704898597
SG_008482,0.25181813270797887
SG_008484,0.24856251929724854
SG_008485,0.24832892845214571
SG_008494,0.1439961947139501
SG_008497,0.15161704293924191
SG_008498,0.14135086000483513
SG_008500,0.21781353847636228
SG_008501,0.21193524584490012
SG_008504,0.13311262271237362
SG_008506,0.252459576269674
SG_008512,0.23342009879893846
SG_008514,0.295578099690878
SG_008517,0.1723588199795657
SG_008522,0.24683249059582552
SG_008527,0.13393468718162413
SG_008529,0.18289166091571665
SG_008531,0.12130916266798794
SG_008534,0.27841267960984173
SG_008535,0.13936461827665012
SG_008536,0.13886863615641573
SG_008538,0.22303319579490616
SG_008541,0.13632101327066698
SG_008542,0.16455096536020758
SG_008545,0.26250176379041207
SG_008547,0.19163906634845623
SG_008549,0.21245884419463074
SG_008550,0.13652670041156928
SG_008551,0.1769448134691773
SG_008553,0.1529220168686098
SG_008555,0.13275418422316124
SG_008557,0.1897879343140891
SG_008561,0.12048887324686319
SG_008564,0.15574839686949576
SG_008565,0.23921965370045434
SG_008568,0.14811382766422407
SG_008569,0.13969544121463864
SG_008570,0.1762660703574553
SG_008572,0.2351808529322008
SG_008574,0.17482306268464473
SG_008575,0.16653344435273945
SG_008576,0.11411629639733636
SG_008577,0.19142685544635418
SG_008580,0.13376271237191842
SG_008586,0.16186112290091811
SG_008594,0.19774621931622866
SG_008598,0.1305392660369102
SG_008600,0.2044219952114882
SG_008614,0.13841039164747687
SG_008615,0.22689659394477918
SG_008617,0.1603826406383181
SG_008624,0.194065295337569
SG_008630,0.19605393626307419
SG_008635,0.13942364680733607
SG_008636,0.11884800080705912
SG_008639,0.21883764010380174
SG_008645,0.13438891013394022
SG_008646,0.13255899196991477
SG_008650,0.19803729722917235
SG_008653,0.19494715957168046
SG_008669,0.21422259453774273
SG_008671,0.18990987371467322
SG_008689,0.2244014066757396
SG_008691,0.2011977998790231
SG_008693,0.27406499061603606
SG_008708,0.21523553553155703
SG_008714,0.19085461583885216
SG_008726,0.1362004219830515
SG_008727,0.25706585101646884
SG_008729,0.11994500719421426
SG_008734,0.23592900469235278
SG_008735,0.14775900895233357
SG_008737,0.22870867533777176
SG_008739,0.11876215706839333
SG_008745,0.26414608605378476
SG_008749,0.1268027098918241
SG_008755,0.15412592944977196
SG_008759,0.1544097728460131
SG_008766,0.14562317688761628
SG_008769,0.1454413535913326
SG_008770,0.1544054674616868
SG_008771,0.11801796857340281
SG_008773,0.18900687923189152
SG_008774,0.20495187064028633
SG_008776,0.11621210339234866
SG_008777,0.1987281919255369
SG_008780,0.22007811488746704
SG_008782,0.14492708574394952
SG_008784,0.14434199557027905
SG_008785,0.1583363325774997
SG_008787,0.1353451330798071
SG_008789,0.2030656068813094
SG_008793,0.14295049746475968
SG_008798,0.12760608236060889
SG_008810,0.1708708208783813
SG_008816,0.25041433718257455
SG_008823,0.20607584539984894
SG_008824,0.12458494354345935
SG_008825,0.17840676158260957
SG_008828,0.24072623989129696
SG_008836,0.1285835388594237
SG_008839,0.16992593001126877
SG_008840,0.11410614281025422
SG_008841,0.14351032126695373
SG_008843,0.16618202617177538
SG_008844,0.2047743282798245
SG_008845,0.19921572233442683
SG_008849,0.15247692546244293
SG_008850,0.15203574868863692
SG_008853,0.1794885906027376
SG_008855,0.1485326075693266
SG_008859,0.15223867454218648
SG_008862,0.17336158762906864
SG_008864,0.14942429289054682
SG_008865,0.11787478635597604
SG_008866,0.1150526903682773
SG_008867,0.30408523392906256
SG_008869,0.20787915671069382
SG_008876,0.19813592403776173
SG_008881,0.1652586842300604
SG_008883,0.12945997091754222
SG_008888,0.12142987312665529
SG_008889,0.25383698036656727
SG_008895,0.18844936001118393
SG_008897,0.17217768475161407
SG_008901,0.14135083908649987
SG_008905,0.12370394609276239
SG_008907,0.12266225453121742
SG_008908,0.12732551156046018
SG_008910,0.1456699030071419
SG_008913,0.20771379230261794
SG_008914,0.11736443423629414
SG_008917,0.16177311161576408
SG_008919,0.13542612942075255
SG_008920,0.2869488315578576
SG_008925,0.19983447007273375
SG_008926,0.15859896479364563
SG_008927,0.12963321167885294
SG_008930,0.15812345195563443
SG_008932,0.13153264596318112
SG_008934,0.23632918132361697
SG_008937,0.11990168738731229
SG_008940,0.15504699173077668
SG_008943,0.16272952353527254
SG_008947,0.12786669373978654
SG_008955,0.18417009316769692
SG_008960,0.21923226678755497
SG_008962,0.11823054344990527
SG_008964,0.12600227627363808
SG_008965,0.12530600572576583
SG_008966,0.1256004556472658
SG_008971,0.1346787789531995
SG_008972,0.12316245252081019
SG_008976,0.18259099358319317
SG_008978,0.11898570502203085
SG_008983,0.1485596922049859
SG_008989,0.26447261841670205
SG_008990,0.13913628239287573
SG_008994,0.23913909415265241
SG_008996,0.19066154033334753
SG_008998,0.12303591462406119
SG_008999,0.13249200386292823
SG_009001,0.1857359731047151
SG_009005,0.1588717707220335
SG_009006,0.14252645418197799
SG_009011,0.14593067685570946
SG_009017,0.14614336759383934
SG_009018,0.13540973323224065
SG_009032,0.1331281669004658
SG_009034,0.14559469006487244
SG_009043,0.2117055855183554
SG_009047,0.13343173502485475
SG_009048,0.13377245867548754
SG_009053,0.13180846201539176
SG_009055,0.17008740792886343
SG_009058,0.13025945500266534
SG_009063,0.25850931171234115
SG_009064,0.2151763342960172
SG_009065,0.21444644955386843
SG_009069,0.13720372121851437
SG_009070,0.13050169786297586
SG_009072,0.14678745468783813
SG_009075,0.1498487777926683
SG_009079,0.15988297217728453
SG_009080,0.21946652635775993
SG_009081,0.1353126908509672
SG_009083,0.13642192298847974
SG_009085,0.13718774598154193
SG_009091,0.20771880883292929
SG_009093,0.12514610879257226
SG_009100,0.12200691912034807
SG_009109,0.16922976089815905
SG_009115,0.24556066607579288
SG_009119,0.15364533695024593
SG_009120,0.21919014862536385
SG_009123,0.1859761401252394
SG_009124,0.14265075567153426
SG_009127,0.12556210127568646
SG_009128,0.12791743920786233
SG_009135,0.19580061219760242
SG_009136,0.20809648614766627
SG_009139,0.14071983112863884
SG_009146,0.3004173832358233
SG_009147,0.1982702414733995
SG_009149,0.128592762802682
SG_009150,0.195486445278545
SG_009152,0.2603895502973676
SG_009153,0.16711097984174175
SG_009159,0.24423665479285894
SG_009168,0.19543594603163203
SG_009169,0.2302337919656788
SG_009170,0.13930752191812074
SG_009172,0.11597912218471422
SG_009176,0.13968658965232625
SG_009179,0.1680998166052398
SG_009183,0.1947465099362763
SG_009193,0.18096075182855215
SG_009196,0.19078625491736306
SG_009199,0.21593148430718584
SG_009202,0.18624586098196727
SG_009203,0.13079510238396116
SG_009204,0.12598489360977122
SG_009206,0.12553648816721436
SG_009207,0.1937605963650689
SG_009209,0.14353432713016256
SG_009210,0.1771248344777454
SG_009214,0.1841375648685271
SG_009220,0.1605558507093031
SG_009223,0.12597298264381268
SG_009224,0.20383849654770883
SG_009225,0.12161762062839973
SG_009226,0.2948170180200079
SG_009229,0.12732510116962523
SG_009230,0.25165033381740187
SG_009236,0.20306369480938974
SG_009242,0.1257033000626339
SG_009246,0.22072731702972276
SG_009250,0.16049839796787968
SG_009253,0.26054464654136905
SG_009266,0.2172036455793517
SG_009268,0.1684025961934235
SG_009272,0.24610403471247816
SG_009273,0.1304967914364798
SG_009274,0.18421445400381803
SG_009277,0.24708367935635905
SG_009278,0.19858604720291106
SG_009279,0.16150472657915074
SG_009280,0.13855669851626012
SG_009281,0.16253455182248083
SG_009289,0.22217573059055043
SG_009290,0.2436648231046758
SG_009299,0.12266272683020296
SG_009300,0.16499573752004373
SG_009305,0.11956090225754068
SG_009307,0.16804877565188664
SG_009319,0.1269179019367762
SG_009328,0.11692331863744687
SG_009333,0.13701098432997993
SG_009335,0.13755384955156486
SG_009341,0.15640409450564444
SG_009347,0.1608897789794707
SG_009354,0.1839854431260984
SG_009355,0.29289863586626674
SG_009357,0.1713926045508793
SG_009362,0.19539765632004416
SG_009363,0.22396370641523428
SG_009365,0.1305674491617854
SG_009366,0.2678194060889708
SG_009367,0.159936717499486
SG_009370,0.2129090967459398
SG_009386,0.16564451979499215
SG_009392,0.1349980795314239
SG_009398,0.13166852143219096
SG_009400,0.13053187145614692
SG_009402,0.16452771931692123
SG_009403,0.14740464016018218
SG_009404,0.1336938327990904
SG_009406,0.17228775906067542
SG_009407,0.20420828392965235
SG_009408,0.11703791110814565
SG_009409,0.1143017960823958
SG_009410,0.2610261810470271
SG_009411,0.21474521366537852
SG_009412,0.131269768400838
SG_009413,0.1192753582527725
SG_009415,0.1508341638712622
SG_009417,0.21216643361108617
SG_009419,0.1353968373974209
SG_009425,0.2440611359044765
SG_009426,0.15869681416643983
SG_009427,0.15887706130708396
SG_009429,0.11205487272751306
SG_009434,0.17864188204776432
SG_009438,0.12140984795787021
SG_009441,0.1340787618148595
SG_009442,0.14285110171886445
SG_009444,0.21823112023430746
SG_009445,0.17777512041593027
SG_009446,0.13336615776308405
SG_009447,0.16047061549629102
SG_009449,0.13978715771357675
SG_009455,0.14200362922555826
SG_009458,0.18771176898935804
SG_009461,0.2669937214473027
SG_009462,0.22715908486437927
SG_009466,0.131406889988921
SG_009473,0.1292701687314834
SG_009478,0.1939950703230866
SG_009479,0.15458124722394198
SG_009481,0.14755167923049683
SG_009485,0.12922369801292355
SG_009490,0.2131810471164779
SG_009496,0.1474011339383116
SG_009500,0.12430418102913457
SG_009502,0.2854961051079119
SG_009504,0.22952623837275438
SG_009505,0.14861879640455872
SG_009516,0.12748309422412557
SG_009518,0.2085101450766944
SG_009519,0.22306870745365784
SG_009528,0.13930942820300515
SG_009529,0.16610707993910898
SG_009530,0.13308502841312977
SG_009533,0.23510361433455804
SG_009537,0.11952609163959713
SG_009539,0.11719407749539452
SG_009540,0.12434828769474404
SG_009541,0.1789448246819279
SG_009544,0.12686709041992567
SG_009556,0.23308171055471655
SG_009558,0.1558101776972856
SG_009566,0.13172517483992938
SG_009567,0.15859019717156336
SG_009569,0.1171148449612813
SG_009573,0.16198742604668442
SG_009577,0.12193880396904992
SG_009581,0.13941218128278796
SG_009582,0.14131862409454116
SG_009584,0.1205984960712192
SG_009585,0.19282233292212186
SG_009589,0.14231512598012253
SG_009592,0.145738953655327
SG_009593,0.1688843173664496
SG_009602,0.14078942466751312
SG_009614,0.14832363186980252
SG_009616,0.25971374131328784
SG_009618,0.1975752667889658
SG_009619,0.12898733900300424
SG_009620,0.15572772447501487
SG_009622,0.13098024597094246
SG_009630,0.19157209378162737
SG_009632,0.14393540475137354
SG_009639,0.12680146107686036
SG_009649,0.1881312557542343
SG_009651,0.1590910289318386
SG_009661,0.12095270159567542
SG_009670,0.15148203133043606
SG_009671,0.20172941206319148
SG_009679,0.2064802524664094
SG_009681,0.11894038353354808
SG_009683,0.13976950514875905
SG_009687,0.2273681695700469
SG_009690,0.18149585903660181
SG_009691,0.2297068316678091
SG_009694,0.1497134848510255
SG_009696,0.24048014705995063
SG_009701,0.19791984651987357
SG_009702,0.1271634226845904
SG_009707,0.1470626658894148
SG_009716,0.1265133027566141
SG_009718,0.1632780314820309
SG_009727,0.14363223936752864
SG_009736,0.13177006178728035
SG_009741,0.16823352420111368
SG_009744,0.1636888799002899
SG_009746,0.16646941230562357
SG_009747,0.22049138694109377
SG_009751,0.14110431211593322
SG_009754,0.1813771354075565
SG_009757,0.11739406583869338
SG_009759,0.17200974262832372
SG_009760,0.2585812806940931
SG_009762,0.13143896597875027
SG_009763,0.1739876768351106
SG_009766,0.16431292500865316
SG_009776,0.19190620191790325
SG_009778,0.24539388102765486
SG_009780,0.24770789331948415
SG_009782,0.28672471999874666
SG_009783,0.1320800122613852
SG_009785,0.17065238512573502
SG_009786,0.19657864123105478
SG_009791,0.1769175333704812
SG_009794,0.1270897215828835
SG_009795,0.19057827976237493
SG_009799,0.1731461720781955
SG_009800,0.22246900716321788
SG_009814,0.176324212557624
SG_009819,0.13303132927353908
SG_009824,0.13438662411339367
SG_009825,0.2296890123475106
SG_009829,0.2872772866556098
SG_009834,0.1737568878690171
SG_009837,0.17859155373428565
SG_009838,0.1323769792311152
SG_009843,0.16987743807859018
SG_009845,0.1759038212556499
SG_009851,0.19484439789601074
SG_009855,0.20598316872191647
SG_009856,0.23406223458552083
SG_009862,0.15281087753249548
SG_009865,0.12400305501080362
SG_009867,0.15471822915327665
SG_009868,0.19414674729455203
SG_009869,0.12708601862610028
SG_009870,0.1772213547085904
SG_009875,0.1641509363021111
SG_009876,0.17058098454650877
SG_009877,0.1684165550658615
SG_009878,0.291324505191301
SG_009880,0.2289305275515386
SG_009881,0.16166889667720916
SG_009895,0.2589307614180704
SG_009905,0.14385537092847656
SG_009909,0.1513558431849348
SG_009914,0.17905479710194633
SG_009916,0.1590071438225238
SG_009921,0.1274651941403775
SG_009923,0.2168491632822564
SG_009926,0.20491563919105205
SG_009929,0.22088174716490103
SG_009932,0.17276420380101387
SG_009933,0.1412609336143123
SG_009935,0.1484803839561148
SG_009936,0.1359164673117878
SG_009937,0.1629196678151845
SG_009941,0.1362840688487348
SG_009942,0.18174624644091047
SG_009953,0.2590392641105418
SG_009956,0.12779365278085972
SG_009959,0.12553357212763663
SG_009964,0.1605041132113321
SG_009972,0.20749953284606187
SG_009977,0.1778368459687915
SG_009979,0.1830790289705681
SG_009982,0.1276587042815729
SG_009985,0.21216069598371395
SG_009987,0.11351068568827716
SG_009989,0.1712355849950493
SG_009993,0.14003856519334207
SG_009997,0.2727052499225654
SG_009999,0.16207805219782326
SG_010002,0.21687279743186286
SG_010007,0.22391976524502857
SG_010008,0.14295963618217475
SG_010009,0.1248881771058666
SG_010010,0.223640867495685
SG_010011,0.16197225304444246
SG_010012,0.12468724244382665
SG_010014,0.14403529781913
SG_010015,0.14821409692273427
SG_010019,0.1604410319033429
SG_010020,0.14208730231041805
SG_010021,0.1251570608181185
SG_010024,0.1547743401379745
SG_010025,0.12889396546905602
SG_010034,0.15026421827300687
SG_010037,0.1354663114849482
SG_010038,0.13579308846263102
SG_010042,0.19632549718637962
SG_010045,0.15949000960297394
SG_010047,0.12691227367134145
SG_010048,0.18099484194945062
SG_010050,0.1692514098901848
SG_010052,0.17968741719314849
SG_010058,0.23383645867277644
SG_010061,0.21240148221138516
SG_010068,0.24405126621539663
SG_010069,0.12407503121988057
SG_010074,0.13792250966334335
SG_010078,0.11869513913723835
SG_010081,0.1271185622673357
SG_010084,0.1584651156181031
SG_010085,0.152094632775216
SG_010086,0.2304604834916933
SG_010088,0.15404386879006368
SG_010091,0.11263842238908965
SG_010092,0.2343742143628283
SG_010099,0.1905979953518883
SG_010101,0.14358721441551042
SG_010103,0.14789637305837208
SG_010104,0.26170099710836886
SG_010106,0.23748407213674683
SG_010109,0.13734442533969432
SG_010115,0.12260211148050615
SG_010116,0.20543090646334167
SG_010117,0.188584694396109
SG_010123,0.2221931143264506
SG_010130,0.11717883309743911
SG_010132,0.11342314955033653
SG_010134,0.19514975328713996
SG_010142,0.2657022125126661
SG_010144,0.13868986424644617
SG_010146,0.14354760819448575
SG_010151,0.11921562335460689
SG_010153,0.2474875984802364
SG_010155,0.2466682635947556
SG_010157,0.21896040393285113
SG_010165,0.12201677313632694
SG_010166,0.1442692140143706
SG_010169,0.127104012886686
SG_010170,0.14176710050583208
SG_010172,0.13444055344065325
SG_010173,0.16843879387097488
SG_010174,0.18694669124521682
SG_010175,0.18461987363419502
SG_010176,0.19988067757593314
SG_010182,0.11639306975854251
SG_010183,0.1696486050643999
SG_010184,0.17484081222612857
SG_010187,0.1567727157191289
SG_010195,0.13268127203155788
SG_010198,0.13849694487710562
SG_010199,0.14702547079423225
SG_010200,0.12389469327227794
SG_010204,0.22501484376502515
SG_010206,0.16228862183221043
SG_010208,0.18291118238732657
SG_010209,0.13360248223171073
SG_010210,0.16860887296619306
SG_010213,0.15652319355390173
SG_010217,0.1773707550831017
SG_010226,0.20359795246688578
SG_010227,0.1341746633764534
SG_010234,0.13636805753771225
SG_010235,0.15093554435249654
SG_010238,0.27740748627238754
SG_010241,0.20186104030574276
SG_010242,0.12708020605064693
SG_010243,0.13774044239930255
SG_010246,0.18405096374616614
SG_010252,0.22147593617955144
SG_010253,0.30341420309812
SG_010256,0.17386960211110503
SG_010257,0.17135268542470183
SG_010258,0.12492226293587141
SG_010259,0.2710005239648778
SG_010261,0.15706989524611892
SG_010263,0.12964598974262126
SG_010265,0.11966813224804318
SG_010267,0.1191146090444561
SG_010271,0.13586518263790276
SG_010273,0.15156242248540794
SG_010274,0.13752466207538147
SG_010277,0.18393798440122028
SG_010284,0.12201781240652983
SG_010286,0.1389470381596356
SG_010287,0.2605300811921042
SG_010288,0.12766351091735892
SG_010293,0.1493104859704564
SG_010294,0.21186272651863983
SG_010298,0.1634862980444817
SG_010306,0.18859182178389483
SG_010313,0.15748337858567346
SG_010315,0.20930625707032746
SG_010316,0.21252009883019357
SG_010319,0.12450587964094284
SG_010320,0.2778173714063532
SG_010322,0.16157503938381018
SG_010323,0.24390643543600232
SG_010326,0.13336914750779283
SG_010328,0.20453414699102077
SG_010329,0.24672041296193817
SG_010330,0.18285632621095926
SG_010332,0.11982409293058587
SG_010336,0.24068259678208795
SG_010344,0.1886881059455186
SG_010347,0.2219719290063184
SG_010350,0.1808099935268022
SG_010352,0.29496376505359156
SG_010354,0.16208042811317508
SG_010358,0.13754192717639083
SG_010371,0.14480996427140608
SG_010373,0.16917603680590448
SG_010379,0.12675034921139958
SG_010386,0.15174361140820364
SG_010393,0.15749029628878672
SG_010394,0.20218068331966416
SG_010399,0.25750043765780994
SG_010401,0.1488435485317965
SG_010404,0.11695428026030315
SG_010406,0.14170364179319392
SG_010407,0.1343758561337819
SG_010409,0.2960944348307161
SG_010412,0.17962175251707493
SG_010418,0.12959015220312955
SG_010420,0.1249660923655335
SG_010424,0.284027249786165
SG_010425,0.16314229355541549
SG_010428,0.27048465300997304
SG_010430,0.22619857788226366
SG_010431,0.2673251812062305
SG_010435,0.14683270911327928
SG_010442,0.24652267182409987
SG_010455,0.22111964332549183
SG_010459,0.139148147440002
SG_010460,0.23076380995343673
SG_010461,0.17705807397994003
SG_010462,0.12186293449437624
SG_010465,0.11723918972289908
SG_010467,0.16302276060251963
SG_010469,0.26073297643236787
SG_010470,0.1997305841289646
SG_010472,0.1281570611846662
SG_010475,0.21519775787513745
SG_010477,0.19951651451537675
SG_010481,0.24788793617607513
SG_010482,0.12031817276738306
SG_010483,0.17293721743929535
SG_010485,0.19137360878870496
SG_010486,0.14499068007296181
SG_010487,0.21087029036866506
SG_010490,0.20472964920849784
SG_010492,0.1568763517376585
SG_010493,0.12406071860968586
SG_010495,0.1596771003098924
SG_010498,0.16641869397386005
SG_010499,0.12144646937688364
SG_010501,0.19354516828721685
SG_010503,0.12066878297153134
SG_010505,0.14007900449318092
SG_010506,0.13919426712781807
SG_010507,0.12170524767495297
SG_010509,0.1673226100768763
SG_010510,0.15667436492800604
SG_010515,0.2612100249497075
SG_010517,0.20933208185659025
SG_010518,0.24255298619097493
SG_010531,0.1863182244086735
SG_010546,0.24578111655845322
SG_010547,0.15971508634115875
SG_010550,0.22926984696129044
SG_010552,0.1266046324762873
SG_010553,0.15197116820858686
SG_010555,0.22026847727786425
SG_010561,0.12274424198704266
SG_010562,0.17857188251370948
SG_010563,0.23024103532769877
SG_010569,0.13453538080957386
SG_010571,0.12625932048176475
SG_010577,0.1367155366058782
SG_010578,0.13365292489464417
SG_010579,0.22076153014240024
SG_010582,0.16815778406531623
SG_010585,0.2213171322778129
SG_010586,0.20951222527716423
SG_010588,0.12982965110434092
SG_010589,0.11439435174732956
SG_010590,0.2577937589970392
SG_010592,0.2645051579209064
SG_010594,0.13430496749710302
SG_010598,0.21352123301573772
SG_010600,0.13850560492030026
SG_010607,0.15150067324199307
SG_010611,0.21280333424574732
SG_010615,0.25026050286494483
SG_010616,0.16070020795339407
SG_010619,0.13181074015555788
SG_010627,0.11952814923464287
SG_010634,0.12424731177469317
SG_010635,0.13523963500234307
SG_010636,0.1690004732256312
SG_010649,0.23075492176247647
SG_010651,0.1345873069517516
SG_010653,0.1531407901022619
SG_010655,0.13707202084799167
SG_010659,0.16469667394630946
SG_010662,0.24394278418217033
SG_010664,0.19601173414556233
SG_010666,0.15877404540641415
SG_010668,0.1500652233144648
SG_010670,0.2173037409091981
SG_010673,0.23933446947427378
SG_010674,0.15023031489552077
SG_010679,0.1866250282199821
SG_010684,0.21208430984967147
SG_010685,0.12253520750122011
SG_010690,0.11291481212241347
SG_010696,0.13505789688165923
SG_010700,0.17704702852384174
SG_010707,0.15793256631566668
SG_010708,0.12529385611949134
SG_010713,0.15471829119542754
SG_010717,0.12636532810023912
SG_010718,0.15424146487698936
SG_010721,0.195116074332364
SG_010722,0.1256679921413501
SG_010726,0.2503625236091221
SG_010729,0.1316334321837102
SG_010733,0.1523219070049442
SG_010734,0.18269416593922078
SG_010737,0.14536722121212914
SG_010739,0.1295133707250932
SG_010745,0.17453457316895077
SG_010752,0.1307714841776368
SG_010753,0.18527990011064377
SG_010757,0.12192260955077876
SG_010760,0.182344440930505
SG_010763,0.1674632132382669
SG_010769,0.2236198763097129
SG_010772,0.23108280801949038
SG_010773,0.12922026182227667
SG_010774,0.15895252954151443
SG_010781,0.14909254845122757
SG_010784,0.12597015195275935
SG_010789,0.13240224159669783
SG_010791,0.1815593853888559
SG_010795,0.29369882590892815
SG_010796,0.20119777656912236
SG_010798,0.13044400868537803
SG_010801,0.155610722832159
SG_010803,0.2204612420874743
SG_010808,0.19032150017264882
SG_010809,0.13487032898990453
SG_010810,0.19598055346699508
SG_010814,0.22491850252585893
SG_010816,0.12498512065382339
SG_010818,0.12477658900315469
SG_010824,0.22854028444393046
SG_010828,0.25113039825826566
SG_010830,0.2068978326228698
SG_010831,0.12141317430657181
SG_010837,0.21634135819143935
SG_010843,0.13058482602543045
SG_010844,0.26997534139208895
SG_010845,0.1273912364610164
SG_010846,0.12708759481540555
SG_010847,0.2129262025717839
SG_010853,0.15660609663702646
SG_010857,0.12428228728719666
SG_010860,0.14571652164612398
SG_010863,0.13251677772656806
SG_010865,0.1531400146620689
SG_010870,0.21785298489935978
SG_010871,0.2682109814952565
SG_010872,0.16514693770656694
SG_010876,0.22976798495534417
SG_010881,0.1281821166356997
SG_010882,0.16820087292236788
SG_010884,0.2181956823141351
SG_010887,0.12028714025458125
SG_010888,0.1932490529700376
SG_010889,0.21749353826893197
SG_010894,0.19716218684392697
SG_010896,0.18632819372835321
SG_010898,0.1388724498191926
SG_010902,0.1327691019728436
SG_010904,0.1785739568795714
SG_010907,0.21559817832636563
SG_010911,0.1433866484374536
SG_010922,0.1876961399889095
SG_010930,0.11989570901763999
SG_010946,0.22478864095234216
SG_010951,0.13991652057110007
SG_010956,0.1813867126002306
SG_010960,0.27076198561200354
SG_010961,0.13603969587707074
SG_010962,0.1654866018726168
SG_010969,0.1346716380504264
SG_010971,0.14807181939056094
SG_010973,0.2522564199345553
SG_010974,0.12280668028226063
SG_010977,0.1293043111525721
SG_010982,0.12272489019081254
SG_010985,0.13038587886229586
SG_010986,0.13252953262060818
SG_010987,0.21931732440369914
SG_010993,0.12135030341835826
SG_010995,0.12068162151122439
SG_010998,0.29422640776577574
SG_011003,0.14310872620561255
SG_011010,0.11987492096480208
SG_011012,0.15723628741278983
SG_011016,0.13385720302038634
SG_011017,0.1514973455118174
SG_011025,0.12894663022637526
SG_011031,0.21645225018543973
SG_011050,0.12605426502826478
SG_011052,0.16606201071603963
SG_011053,0.1816135177943851
SG_011055,0.13667700523130333
SG_011057,0.21483502822506045
SG_011060,0.12526932469082305
SG_011073,0.1471990290912405
SG_011075,0.23111355092332592
SG_011077,0.13831488134219647
SG_011088,0.13095177824865667
SG_011089,0.13641842477327454
SG_011097,0.1336494353323093
SG_011107,0.1645274833817402
SG_011110,0.18081318783982842
SG_011117,0.12800899962706272
SG_011120,0.18987673483126477
SG_011132,0.15599662323967803
SG_011133,0.12465756264986605
SG_011139,0.30342444131152374
SG_011143,0.19632320469391826
SG_011144,0.12559783757595666
SG_011147,0.18674637784783207
SG_011148,0.17084444568514784
SG_011151,0.14063166672991437
SG_011152,0.27925398901923987
SG_011154,0.15116876610298657
SG_011158,0.1551198079057274
SG_011159,0.2302755069423743
SG_011160,0.2769187278267421
SG_011161,0.16952654912328752
SG_011162,0.16545986281186562
SG_011164,0.12356297507349505
SG_011169,0.13299050550900476
SG_011170,0.12138807714677276
SG_011175,0.17607273559301687
SG_011176,0.16747462450265616
SG_011177,0.12657206012751657
SG_011182,0.194324204965226
SG_011184,0.16983297966427893
SG_011186,0.1720715728109322
SG_011190,0.11674438047977573
SG_011192,0.2150641288605179
SG_011199,0.12603587838112673
SG_011200,0.15388656822890026
SG_011201,0.13156273904384688
SG_011203,0.12346229356283009
SG_011208,0.2923118239271597
SG_011212,0.16264578280319997
SG_011214,0.19593579368823394
SG_011221,0.27431984552725835
SG_011222,0.1985170171348139
SG_011224,0.1378732819625922
SG_011226,0.17937119371719593
SG_011235,0.16510344498158652
SG_011239,0.12156455854093026
SG_011250,0.14769536974784553
SG_011257,0.21104500159313902
SG_011259,0.16042745953079804
SG_011261,0.15015906851926625
SG_011262,0.19172871100865652
SG_011266,0.22671575265608102
SG_011274,0.1252095309876689
SG_011275,0.12251128393992114
SG_011279,0.12314070795465881
SG_011280,0.16934468582290957
SG_011285,0.1242660138625121
SG_011291,0.14676233421483492
SG_011294,0.20049986802695532
SG_011298,0.15777665084822007
SG_011303,0.14740174248106613
SG_011304,0.13389174414256652
SG_011306,0.1345212962988612
SG_011307,0.14158127635534765
SG_011308,0.20405348649194238
SG_011309,0.14729160030241545
SG_011310,0.19250090267841585
SG_011312,0.2480740467816392
SG_011313,0.26335703188843074
SG_011327,0.12130644477585936
SG_011333,0.13385509389901962
SG_011335,0.25430113652790376
SG_011337,0.1773377377285698
SG_011340,0.1137980397431286
SG_011343,0.12159537336699336
SG_011345,0.14503511599783112
SG_011347,0.15800045623621084
SG_011350,0.12901122301311924
SG_011357,0.16747178877697438
SG_011360,0.19974530798762063
SG_011361,0.22848869706163993
SG_011367,0.12454921768195082
SG_011371,0.1413659973443715
SG_011376,0.13098305957253434
SG_011377,0.22899223322208134
SG_011380,0.15624497306317606
SG_011381,0.14422624640554996
SG_011383,0.12418452970975073
SG_011398,0.2404242747524216
SG_011401,0.14008774223392367
SG_011413,0.1741804053369202
SG_011416,0.14311534937827478
SG_011420,0.1451055400453995
SG_011429,0.18433265625625395
SG_011432,0.1260722737417843
SG_011437,0.15827424197343853
SG_011443,0.15264791699411503
SG_011447,0.24032711236012264
SG_011450,0.15567630716674735
SG_011457,0.1729014335805819
SG_011458,0.17661616700166763
SG_011460,0.13982047542917
SG_011464,0.12244875977837164
SG_011468,0.12621029566651942
SG_011469,0.1731757319074679
SG_011473,0.2540035647485567
SG_011475,0.24209703685301429
SG_011479,0.2353264780872924
SG_011482,0.24962558548448427
SG_011483,0.2714551777296432
SG_011492,0.16881357527984633
SG_011493,0.18594869169082673
SG_011497,0.141754171410127
SG_011503,0.13466037187210927
SG_011504,0.17461431528433688
SG_011505,0.17542976831211274
SG_011512,0.1811826918406539
SG_011519,0.15855807386579227
SG_011526,0.1834310049685392
SG_011527,0.13981830819250454
SG_011528,0.16666300392201
SG_011532,0.11832225201683795
SG_011541,0.1437820640144501
SG_011544,0.1398891223586782
SG_011547,0.23496993121361295
SG_011548,0.2767330618835165
SG_011552,0.14888515894398843
SG_011566,0.16691867639593266
SG_011567,0.2667544547141999
SG_011569,0.17870175963590404
SG_011575,0.13092257776421326
SG_011576,0.2670629628487009
SG_011577,0.14459226105509743
SG_011581,0.1574911586109272
SG_011584,0.19891463935021603
SG_011586,0.2764031473620846
SG_011593,0.1770600534187484
SG_011597,0.1290862121836903
SG_011598,0.23150353179512845
SG_011602,0.15837964274171365
SG_011605,0.23549411898288647
SG_011607,0.13069021949587195
SG_011612,0.26506296248024175
SG_011616,0.17551412879385117
SG_011617,0.13587083772251224
SG_011620,0.2292372184704922
SG_011622,0.17237334582993194
SG_011625,0.13093751689997984
SG_011626,0.19189762762843002
SG_011627,0.25007977131591397
SG_011632,0.2856891541231005
SG_011633,0.2296038332820788
SG_011635,0.29113353173767303
SG_011638,0.16747805457295933
SG_011640,0.21595594762301845
SG_011645,0.12901119754294837
SG_011649,0.17610407567202008
SG_011656,0.12875249580962178
SG_011662,0.14362230077512875
SG_011663,0.15966344122952286
SG_011666,0.15177620250690188
SG_011672,0.11239408900051165
SG_011673,0.1760264662600732
SG_011676,0.2716945963656327
SG_011678,0.16470301043443658
SG_011682,0.16072087191473963
SG_011683,0.136725877142614
SG_011684,0.12195076473066402
SG_011691,0.18752494301611705
SG_011694,0.12323057055339096
SG_011695,0.19885413434482327
SG_011697,0.18913310559665317
SG_011699,0.1181699036231639
SG_011701,0.18955689839452255
SG_011704,0.20787216301552253
SG_011705,0.15909051118574596
SG_011708,0.17678203144223956
SG_011714,0.24142086634496923
SG_011715,0.18580983371963358
SG_011720,0.14598655595125717
SG_011721,0.11849406071214072
SG_011727,0.12732431463024313
SG_011728,0.16511955403260922
SG_011729,0.1451159894212039
SG_011731,0.12700651971528268
SG_011736,0.15703316748774115
SG_011737,0.1298286899222869
SG_011747,0.13328898596793173
SG_011749,0.25833127351477014
SG_011750,0.15793892357192446
SG_011752,0.1594962304959574
SG_011757,0.23312902771924246
SG_011764,0.17811958527873775
SG_011767,0.1442032282691823
SG_011769,0.25301300995202347
SG_011770,0.2121825234528055
SG_011772,0.21697021889946835
SG_011773,0.136791287222897
SG_011777,0.15816351736811884
SG_011779,0.15054839636085812
SG_011780,0.18321267982223174
SG_011786,0.25524505182127627
SG_011787,0.24669685931201482
SG_011789,0.11841792279672898
SG_011796,0.11916204152110857
SG_011799,0.13610162218117983
SG_011801,0.14869733290479378
SG_011802,0.236590698591087
SG_011806,0.11581724821034914
SG_011812,0.17800559506849725
SG_011814,0.21161075205682348
SG_011815,0.1543039677556814
SG_011816,0.20240284178084308
SG_011830,0.18200398104392296
SG_011833,0.11604081903436621
SG_011843,0.24041718125378425
SG_011853,0.2322309764859321
SG_011855,0.22665662470586384
SG_011858,0.12078143637236083
SG_011861,0.12592577784543182
SG_011863,0.20879985884619506
SG_011864,0.16621198373810303
SG_011868,0.2647348605347048
SG_011869,0.16520161877963366
SG_011871,0.27701162382958006
SG_011886,0.12629834494521597
SG_011889,0.15243689720244172
SG_011890,0.17330419946356262
SG_011894,0.15562324438557676
SG_011896,0.133554697468574
SG_011898,0.12449494058246773
SG_011900,0.16351063866627624
SG_011918,0.24011574577752132
SG_011922,0.15332586814169105
SG_011925,0.1297218504342243
SG_011926,0.16061198897315276
SG_011927,0.24627616935131108
SG_011931,0.15638323073660126
SG_011933,0.11911308194562135
SG_011936,0.11497253070402076
SG_011939,0.1214060495387977
SG_011940,0.15807767133437503
SG_011953,0.14972825717542407
SG_011955,0.2111517048716784
SG_011956,0.15035855499547593
SG_011959,0.12865535509922382
SG_011961,0.24415121022853387
SG_011962,0.2360057364203473
SG_011966,0.26132960038615843
SG_011969,0.13207558556310106
SG_011971,0.15011003148199348
SG_011977,0.15490530998665358
SG_011978,0.14613050952106307
SG_011983,0.13298608522731906
SG_011986,0.1279128314352358
SG_011988,0.1181910182118219
SG_011993,0.19448796171259097
SG_011995,0.1970101955400985
SG_011996,0.12016981365968131
SG_011997,0.17380663746147945
SG_012000,0.1560886135450254
SG_012013,0.15794885646133042
SG_012018,0.1472119996162939
SG_012019,0.1717474248621112
SG_012020,0.1783437587676093
SG_012022,0.15593346066243088
SG_012031,0.16301493867690547
SG_012040,0.15156293187779998
SG_012041,0.1198914921203134
SG_012048,0.1422436444290813
SG_012050,0.13937362992625651
SG_012051,0.12829899343874174
SG_012052,0.24175556766415487
SG_012064,0.20343000288856636
SG_012066,0.13504144375496088
SG_012068,0.1299718999328387
SG_012076,0.19294551561667256
SG_012077,0.15463843294717286
SG_012078,0.13050895696410422
SG_012079,0.12280314959959118
SG_012080,0.21272493601771644
SG_012081,0.13806794570938835
SG_012082,0.16672163368555545
SG_012086,0.14401224047926195
SG_012089,0.20855547737603267
SG_012097,0.12566566746509197
SG_012104,0.2060282218576325
SG_012108,0.16233174996588579
SG_012113,0.2117324255514475
SG_012119,0.2712056103301351
SG_012124,0.18464729163258053
SG_012125,0.165533975132243
SG_012141,0.265631073415141
SG_012143,0.14721770506098592
SG_012145,0.13325878014365877
SG_012148,0.14325189348294223
SG_012150,0.14871847773913088
SG_012162,0.14628464514072154
SG_012165,0.16146906776153536
SG_012166,0.14759620795479927
SG_012167,0.1650704114326637
SG_012168,0.11699417795083145
SG_012169,0.146041510442506
SG_012170,0.1217419957666743
SG_012175,0.13150059342577033
SG_012176,0.12985165452961278
SG_012177,0.1348640119456127
SG_012181,0.2695400764434735
SG_012186,0.2591932469070083
SG_012190,0.17449561725628757
SG_012192,0.24019046563663266
SG_012194,0.16142921527949142
SG_012195,0.19752014346421776
SG_012198,0.15567317275265988
SG_012199,0.12636393890113762
SG_012205,0.2801627767836326
SG_012206,0.18495446161987353
SG_012211,0.11841877999641308
SG_012212,0.199968586015111
SG_012213,0.16390148245413516
SG_012216,0.1811831651974777
SG_012217,0.2562566758239011
SG_012218,0.2478451362637543
SG_012220,0.14991950109487875
SG_012225,0.18607772684886617
SG_012230,0.15058241025634778
SG_012232,0.12013530797787933
SG_012234,0.21674399463100996
SG_012238,0.15514781631314895
SG_012241,0.1291453202172848
SG_012243,0.13535937448995333
SG_012247,0.12353569342327282
SG_012253,0.14331950726950118
SG_012258,0.2005400942970647
SG_012260,0.17716382447476647
SG_012263,0.1298456822120025
SG_012264,0.20106472116252133
SG_012266,0.29648295205472414
SG_012270,0.13016626392921185
SG_012272,0.12056406677367695
SG_012276,0.2655918282963877
SG_012277,0.14287209041900112
SG_012278,0.15397653553853416
SG_012279,0.18598343191596042
SG_012280,0.255332647529132
SG_012281,0.2596367634570059
SG_012283,0.23369985846416194
SG_012284,0.23119405743183105
SG_012285,0.1469471156366291
SG_012290,0.20151827444461343
SG_012293,0.13081668448818062
SG_012301,0.23033676394093994
SG_012305,0.23845930882399066
SG_012307,0.19386831094244988
SG_012308,0.14303387991897834
SG_012310,0.23659933845589007
SG_012312,0.30660171629723276
SG_012313,0.13724774906137585
SG_012316,0.1839313839830219
SG_012321,0.16611301043458473
SG_012322,0.18392592007409914
SG_012326,0.15125388224322442
SG_012334,0.13060203003711807
SG_012336,0.14582060369139396
SG_012337,0.15489933687521093
SG_012339,0.22312612041975108
SG_012340,0.13389796931732517
SG_012345,0.12447933967503004
SG_012355,0.2643524806513858
SG_012362,0.1988651188013967
SG_012363,0.17110347035952392
SG_012368,0.2012176816212075
SG_012375,0.1278330108334278
SG_012378,0.11886930877921502
SG_012381,0.12540536158623145
SG_012384,0.15811910556081196
SG_012390,0.13993626040106572
SG_012393,0.1448366032306954
SG_012397,0.12838149778725014
SG_012400,0.13439506968712683
SG_012402,0.16963198807352325
SG_012410,0.1726075379679045
SG_012414,0.12754146525525875
SG_012419,0.22210106092710769
SG_012420,0.2888987053884908
SG_012422,0.2412680510496464
SG_012423,0.2851435723372132
SG_012424,0.12064677709614313
SG_012427,0.12566955858778375
SG_012432,0.1451602087176011
SG_012436,0.2360246010903983
SG_012437,0.1933117775433743
SG_012438,0.1907518982694187
SG_012444,0.18299351195688762
SG_012446,0.11138207430484573
SG_012452,0.2384387801766333
SG_012453,0.15705619960497544
SG_012456,0.17219922996663645
SG_012459,0.11774904999607719
SG_012468,0.12662775168727217
SG_012470,0.15354990204739216
SG_012480,0.15030592329475762
SG_012484,0.13405141539367718
SG_012489,0.13084931321032597
SG_012493,0.1489991521267561
SG_012495,0.20886376100070186
SG_012499,0.22656326093096957
SG_012501,0.11418285057124238
SG_012502,0.2307026498619449
SG_012504,0.24585672638040976
SG_012506,0.11829395042965954
SG_012509,0.24700606385326726
SG_012510,0.2868310600301302
SG_012513,0.1579345712988866
SG_012519,0.22243591308377839
SG_012520,0.1704248036109368
SG_012521,0.12204608061140017
SG_012525,0.16053661943886638
SG_012527,0.15816363492653523
SG_012531,0.18804231207130154
SG_012533,0.2794427000221211
SG_012538,0.13223941787139623
SG_012539,0.21445590970717068
SG_012548,0.17638390064016268
SG_012550,0.20061754418943245
SG_012552,0.14282837594348993
SG_012556,0.17408256943268643
SG_012561,0.20277979555386905
SG_012562,0.11753035890843429
SG_012563,0.1625432559398844
SG_012564,0.20794726399971025
SG_012567,0.12866130670474632
SG_012568,0.23245482487152094
SG_012571,0.2132552554466019
SG_012575,0.1344606644883155
SG_012579,0.24609648471050405
SG_012588,0.1596848867035329
SG_012591,0.13351161408780232
SG_012594,0.1549954888116591
SG_012596,0.12991143399420135
SG_012600,0.18775068993619684
SG_012601,0.13000601769405415
SG_012603,0.14070639178547842
SG_012606,0.1256347974515109
SG_012609,0.24830262225772418
SG_012610,0.12052048148079031
SG_012615,0.13018889157982177
SG_012616,0.16609319291395572
SG_012619,0.1614915494079169
SG_012623,0.2009652920308207
SG_012628,0.2336317220426399
SG_012630,0.22798930693083425
SG_012632,0.2007716906950415
SG_012636,0.2152257672389724
SG_012640,0.11698073944201848
SG_012643,0.22298577550784038
SG_012648,0.2989236527558465
SG_012651,0.1428667032101553
SG_012654,0.1703462332671045
SG_012660,0.2176324543296519
SG_012661,0.19897688302326383
SG_012663,0.15832300839182287
SG_012669,0.1341927720881406
SG_012674,0.1547530121556722
SG_012680,0.1541402134905946
SG_012684,0.17439085988353148
SG_012688,0.14827977283656843
SG_012690,0.16685399111604565
SG_012697,0.14965483566154086
SG_012699,0.14543128487340257
SG_012701,0.1284636734701982
SG_012705,0.24073523986897832
SG_012709,0.13563049795111476
SG_012710,0.25540622623474607
SG_012715,0.16549016682064085
SG_012716,0.15279897638974135
SG_012718,0.16453323575231846
SG_012723,0.1516170170186078
SG_012724,0.17247751758550464
SG_012730,0.17134369840784686
SG_012734,0.22564630502136648
SG_012736,0.18013364714907917
SG_012738,0.13305138729017402
SG_012747,0.17972667670139916
SG_012749,0.23711825875692294
SG_012750,0.11491983334086771
SG_012753,0.15732176863446545
SG_012754,0.2779898293991253
SG_012757,0.12274468062108686
SG_012763,0.14809696237614775
SG_012764,0.15357734319028266
SG_012767,0.211720122039955
SG_012768,0.13333112150380383
SG_012773,0.12237249205356418
SG_012775,0.12383045205163452
SG_012777,0.19470830440969217
SG_012786,0.2606420475744126
SG_012787,0.2274152760598608
SG_012792,0.19253599982956174
SG_012797,0.17312743304848685
SG_012805,0.14964316374690276
SG_012808,0.1581942996118017
SG_012810,0.24995730603356522
SG_012819,0.23369737910738025
SG_012821,0.28289017447565
SG_012822,0.17204185405813488
SG_012831,0.1313841964899241
SG_012844,0.19755896954172306
SG_012845,0.12411573422458708
SG_012848,0.12705420526841996
SG_012849,0.20557645628985172
SG_012851,0.22252408919316516
SG_012859,0.1151913075865378
SG_012861,0.1914460359926559
SG_012869,0.21965065553361454
SG_012870,0.1674268055872769
SG_012873,0.1888578154228303
SG_012874,0.16518685354396195
SG_012883,0.12523428663595357
SG_012886,0.17395766333126994
SG_012887,0.11909510980020457
SG_012888,0.22509876359329367
SG_012891,0.1299236333022975
SG_012898,0.15817058926305155
SG_012905,0.224358270724235
SG_012910,0.2590373520272219
SG_012913,0.12852536559315184
SG_012918,0.2674936285343526
SG_012919,0.1699100180150458
SG_012920,0.13422871256768437
SG_012923,0.11878808739078331
SG_012924,0.147302532558287
SG_012926,0.2398515320207116
SG_012936,0.24317568658641275
SG_012938,0.18197897749008554
SG_012940,0.1396184181609196
SG_012945,0.22169057817662305
SG_012949,0.16403868812782035
SG_012958,0.18514329833962523
SG_012962,0.18795835222443866
SG_012967,0.14476864803339218
SG_012968,0.1277074348042099
SG_012970,0.13405986398382813
SG_012972,0.13133313996176896
SG_012978,0.1686210478910137
SG_012979,0.1672830872022564
SG_012980,0.2749064675143627
SG_012981,0.2515225886987631
SG_012983,0.14552619045012904
SG_012984,0.22168602659684167
SG_012989,0.17853906993542676
SG_012994,0.13773257968594435
SG_012997,0.14544811946328637
SG_013002,0.18079035204208946
SG_013009,0.22200925877893507
SG_013017,0.12665421689008122
SG_013023,0.22486979167958263
SG_013028,0.1520950478441366
SG_013030,0.1505399847966725
SG_013033,0.21934907885898217
SG_013042,0.18066429623477015
SG_013043,0.14362763779148444
SG_013045,0.14630711983232678
SG_013063,0.16713785912998755
SG_013064,0.14295486974261168
SG_013065,0.13251228711717675
SG_013068,0.24020044278152616
SG_013070,0.1603575913878465
SG_013071,0.13593270228601212
SG_013072,0.19982624610644495
SG_013077,0.14341421069817745
SG_013080,0.2266246560632248
SG_013082,0.18294807023365836
SG_013083,0.14048052623769386
SG_013085,0.20881176463621678
SG_013086,0.15304636616299236
SG_013093,0.15180191325816356
SG_013094,0.13040744234261742
SG_013096,0.24165277361031884
SG_013104,0.21746682393915773
SG_013108,0.13920821001090591
SG_013111,0.13396448474110614
SG_013112,0.14253823001089533
SG_013115,0.1897228575766336
SG_013117,0.16887961726663148
SG_013125,0.1639176304224032
SG_013127,0.16062519678546985
SG_013135,0.1475093553367096
SG_013138,0.17381115388794324
SG_013139,0.1186933656805772
SG_013141,0.22936955196286607
SG_013149,0.19632678167911344
SG_013150,0.21737264393953443
SG_013157,0.16182322388658674
SG_013159,0.22859496239847635
SG_013166,0.13961937463237878
SG_013172,0.265722136792697
SG_013177,0.2121731600250807
SG_013178,0.1359733122706466
SG_013187,0.11704923251080165
SG_013196,0.14119844109593344
SG_013201,0.24636113572063673
SG_013202,0.13983446156413998
SG_013212,0.1412856828735247
SG_013219,0.16613204934143005
SG_013222,0.13159123292504146
SG_013223,0.2208136208252179
SG_013224,0.2585981969277273
SG_013233,0.13320609366741812
SG_013237,0.11342412880130422
SG_013245,0.14245617269999467
SG_013249,0.12254979937080335
SG_013250,0.15506382418616887
SG_013260,0.16407789397228656
SG_013264,0.141890664758608
SG_013266,0.16921644663094565
SG_013267,0.23213533943655165
SG_013269,0.13628483826049134
SG_013273,0.22303442046276123
SG_013276,0.12160085414359507
SG_013280,0.18525099786937452
SG_013281,0.15760219147554635
SG_013282,0.11747427405305619
SG_013288,0.19054320288527674
SG_013292,0.13803783175079776
SG_013294,0.23161058994809913
SG_013297,0.12000009713184293
SG_013304,0.1307323113916866
SG_013311,0.16423287937794334
SG_013313,0.27570526421971164
SG_013314,0.16760320379937282
SG_013315,0.16158736568508558
SG_013317,0.20068524381177194
SG_013321,0.18230832607870753
SG_013323,0.15036140544435922
SG_013327,0.12962357169453909
SG_013328,0.1270672675392762
SG_013332,0.1330462662422053
SG_013337,0.17355030715239156
SG_013338,0.17726661305476465
SG_013339,0.11346759673694065
SG_013340,0.19436122297180883
SG_013342,0.1191517142228875
SG_013344,0.11789345217681357
SG_013345,0.22194006755474233
SG_013347,0.15695945925708596
SG_013348,0.12071995152706064
SG_013356,0.2531764659744186
SG_013358,0.24513083388004323
SG_013359,0.16065044884089347
SG_013360,0.13125883139856603
SG_013361,0.12112267650953504
SG_013362,0.2080080306421169
SG_013366,0.15003715233568798
SG_013371,0.20409813398714208
SG_013372,0.16635898875017546
SG_013374,0.2098970443821032
SG_013380,0.12268907401418691
SG_013383,0.15868902834675794
SG_013384,0.13803674586631098
SG_013391,0.2246127415053175
SG_013392,0.1450711954575328
SG_013393,0.25870425602097374
SG_013396,0.22868540902216017
SG_013400,0.18362885592074957
SG_013404,0.14917686636385882
SG_013412,0.14898968237967475
SG_013413,0.21488836531559827
SG_013414,0.1360713173016269
SG_013418,0.1953413884265579
SG_013420,0.12413052429964537
SG_013421,0.221239995589496
SG_013424,0.20666766583450555
SG_013427,0.25669673535876764
SG_013430,0.16972767015796655
SG_013435,0.25418527607805946
SG_013438,0.19696444484656642
SG_013440,0.19993360844748462
SG_013443,0.22738717727382823
SG_013444,0.16035466865324816
SG_013446,0.11883231492004984
SG_013447,0.12569652805067444
SG_013452,0.14167715732582764
SG_013454,0.22420825087433824
SG_013456,0.18936842110734622
SG_013462,0.15298180136908196
SG_013463,0.24365062096886284
SG_013464,0.15011161520731173
SG_013468,0.12667862663068866
SG_013472,0.16663452961712782
SG_013474,0.165939336557074
SG_013477,0.1306972755047985
SG_013480,0.13104007947495838
SG_013485,0.13989866261788028
SG_013486,0.15872878936214557
SG_013487,0.14802883462948713
SG_013491,0.2665314354396321
SG_013495,0.260847529738497
SG_013499,0.14207740303623034
SG_013504,0.23735269716282562
SG_013508,0.15951720674555253
SG_013509,0.13310404652089936
SG_013515,0.15733484400206893
SG_013523,0.12190645589671774
SG_013528,0.18103151730749367
SG_013538,0.1870182321435056
SG_013542,0.143534585297784
SG_013543,0.13251896419991369
SG_013544,0.19067760876893372
SG_013545,0.18448434371200126
SG_013546,0.12827905075516488
SG_013548,0.2699940974868071
SG_013549,0.2183753500529634
SG_013552,0.2442190500832926
SG_013553,0.19895030516998197
SG_013554,0.1343575850292799
SG_013557,0.1373683400901645
SG_013558,0.19812441951120258
SG_013561,0.27274049108757537
SG_013563,0.16393642881561207
SG_013565,0.12977337875972936
SG_013567,0.12576798982705192
SG_013568,0.12441142294623445
SG_013571,0.21584105883020901
SG_013574,0.19145071184458923
SG_013575,0.1251131130762707
SG_013578,0.2218283624745915
SG_013579,0.21292246379840893
SG_013580,0.17023911474186137
SG_013586,0.12025700744910436
SG_013588,0.13516175777338585
SG_013591,0.16759120768585395
SG_013598,0.25105611642002035
SG_013601,0.19940842431756506
SG_013602,0.2363407432614329
SG_013604,0.1479097616273885
SG_013608,0.18770375539512973
SG_013610,0.12728385823968763
SG_013612,0.17829511175224375
SG_013613,0.12305366798006265
SG_013616,0.146015086480292
SG_013619,0.139060435363956
SG_013624,0.2749238767177179
SG_013626,0.15270393785397024
SG_013628,0.1667308679130138
SG_013629,0.12878931772022711
SG_013633,0.12373819079639148
SG_013635,0.12045960895272037
SG_013637,0.14452695023367296
SG_013638,0.1621873377776794
SG_013639,0.1929369605108856
SG_013641,0.18201399034175397
SG_013646,0.1879728641311305
SG_013653,0.1444195930952299
SG_013667,0.16043611670495742
SG_013668,0.1924310268417832
SG_013670,0.14215287928005108
SG_013675,0.18406737403923373
SG_013677,0.20918337760968947
SG_013678,0.20502939890609376
SG_013681,0.14743924353659515
SG_013682,0.2276752894918522
SG_013683,0.20541805276468864
SG_013684,0.15394597111524871
SG_013685,0.1271483269429761
SG_013686,0.17326443251653068
SG_013690,0.13460982872942884
SG_013695,0.11528671116591678
SG_013705,0.13617406334615606
SG_013706,0.12234779289619131
SG_013708,0.1168228310909363
SG_013711,0.12026225817905381
SG_013713,0.19910535513552158
SG_013715,0.1304797142231103
SG_013716,0.23103528222641706
SG_013726,0.17646732250819058
SG_013727,0.12250218212032755
SG_013728,0.15232269742528476
SG_013731,0.1307769847158578
SG_013733,0.11923795250164859
SG_013737,0.17885363417613018
SG_013740,0.239032154885401
SG_013741,0.24495118052910278
SG_013744,0.12027567310205196
SG_013745,0.19482836076421436
SG_013746,0.11548410924752814
SG_013747,0.1613864688977669
SG_013749,0.18368400645677502
SG_013755,0.1441520311045394
SG_013759,0.16388541320822406
SG_013765,0.174057166502346
SG_013766,0.1749215286887272
SG_013769,0.1323612742596583
SG_013773,0.21293684442499802
SG_013785,0.12972306533115674
SG_013793,0.12274951612140454
SG_013800,0.20792442979668949
SG_013808,0.16532360156257947
SG_013815,0.21421565910368495
SG_013827,0.1607153526468088
SG_013840,0.11994868913295728
SG_013841,0.11931465663597778
SG_013842,0.14176839622650667
SG_013844,0.2212649245577146
SG_013845,0.15718798516260346
SG_013849,0.1469640042914478
SG_013850,0.15284246724896317
SG_013851,0.12835922406439265
SG_013853,0.18540250100311714
SG_013854,0.13640682069375504
SG_013855,0.16184381709384318
SG_013857,0.24432139705648184
SG_013860,0.259562306600139
SG_013862,0.18637906655911293
SG_013867,0.21929871110117674
SG_013868,0.1273698497467289
SG_013870,0.12431963669678643
SG_013883,0.1314287721090365
SG_013884,0.13203855228704575
SG_013885,0.21437472838344038
SG_013892,0.22383817233506753
SG_013896,0.13942960095449874
SG_013898,0.1651040732782695
SG_013901,0.2645547523690276
SG_013905,0.16769825962702736
SG_013906,0.2006121223327569
SG_013907,0.13627549472782832
SG_013910,0.1545404156485382
SG_013912,0.16398238720768954
SG_013914,0.1800715738842232
SG_013919,0.245170941014946
SG_013922,0.24408999268422749
SG_013943,0.13031219387851814
SG_013944,0.1315336800605663
SG_013946,0.13159103534459624
SG_013948,0.14566229271522363
SG_013949,0.12874875924573917
SG_013953,0.175783159355418
SG_013962,0.19241962427048412
SG_013965,0.209842369301678
SG_013969,0.2081515302973796
SG_013974,0.1383211277337116
SG_013978,0.17669061742007056
SG_013979,0.12677868114630336
SG_013980,0.2314637817538811
SG_013986,0.24137434751336392
SG_013997,0.13823924742499272
SG_014000,0.21023596567571592
SG_014004,0.11763382893996999
SG_014009,0.160304459774612
SG_014010,0.16053172688308873
SG_014012,0.1579149823727013
SG_014014,0.22114958737364496
SG_014015,0.18917428952776363
SG_014016,0.1683175683210306
SG_014017,0.21042662641008608
SG_014018,0.11457355619094758
SG_014020,0.18570526205310314
SG_014021,0.12510358472344382
SG_014022,0.1841207801997147
SG_014023,0.14865099671365373
SG_014026,0.22420705794729728
SG_014030,0.1659286333956793
SG_014031,0.1464324144465393
SG_014036,0.14742525453444474
SG_014037,0.124773012749788
SG_014039,0.14992175058740848
SG_014045,0.16526728760494153
SG_014046,0.19538410583250373
SG_014047,0.17511393812484344
SG_014050,0.11093770881511969
SG_014053,0.1769243030113496
SG_014058,0.18197051205823053
SG_014059,0.17420680036048078
SG_014062,0.15560675479554892
SG_014067,0.2206455468499729
SG_014072,0.11167250304444525
SG_014073,0.17617941210457613
SG_014075,0.17635768141477318
SG_014081,0.14877318022475813
SG_014085,0.1653085365824481
SG_014088,0.18299556583724025
SG_014096,0.19414769627306305
SG_014099,0.19333721422625808
SG_014102,0.1555955022642404
SG_014105,0.19591209141243332
SG_014111,0.24193476204326592
SG_014113,0.1872948091650572
SG_014116,0.12190268699595866
SG_014122,0.17765852587556047
SG_014123,0.13770838611984412
SG_014124,0.1823872488734427
SG_014130,0.23113680891336164
SG_014132,0.17873206475715547
SG_014135,0.27210597454555574
SG_014136,0.1481082163704574
SG_014139,0.18747143962537632
SG_014140,0.20262641920968832
SG_014141,0.17356972613060348
SG_014146,0.21834329816226616
SG_014155,0.15993919312706478
SG_014157,0.14064780125426174
SG_014161,0.14368578772117535
SG_014162,0.17964892376727087
SG_014165,0.1639511239083655
SG_014167,0.19045158681074417
SG_014168,0.17857824230301297
SG_014172,0.12124669220173816
SG_014176,0.1333625201867861
SG_014177,0.27705044083934294
SG_014184,0.2613553759518828
SG_014186,0.18042286456032822
SG_014188,0.18136503832343942
SG_014190,0.13093175747829347
SG_014191,0.15118791630321368
SG_014192,0.12267900275624596
SG_014194,0.19996648311706172
SG_014196,0.25393671043811905
SG_014197,0.2323437891690269
SG_014205,0.1542966081629406
SG_014210,0.14393517078009324
SG_014217,0.19079907516131933
SG_014219,0.20070656960696107
SG_014223,0.21550828887813908
SG_014235,0.11699363470619453
SG_014237,0.19490340600028955
SG_014243,0.1651981303188523
SG_014248,0.23126969917002618
SG_014249,0.21889565877751327
SG_014259,0.1730817272691796
SG_014269,0.18721444481715036
SG_014270,0.2134399101493849
SG_014272,0.11522496007808661
SG_014277,0.14498225824929428
SG_014288,0.15117093601275736
SG_014290,0.13850719778072013
SG_014292,0.19885706331908565
SG_014293,0.13712658632240607
SG_014295,0.16041302819807443
SG_014299,0.13951377222678335
SG_014308,0.1556217949467686
SG_014309,0.12938621592403846
SG_014311,0.2559072970458708
SG_014314,0.267284602388996
SG_014319,0.11497747017030188
SG_014320,0.11866124388115093
SG_014321,0.2779016832649893
SG_014328,0.19305688875684668
SG_014334,0.12325980574573729
SG_014335,0.1354256099562834
SG_014339,0.2130541323460668
SG_014342,0.11714558147430301
SG_014343,0.30717758276665136
SG_014345,0.1236545249489347
SG_014363,0.13331815958017862
SG_014368,0.13298488806376604
SG_014370,0.11340526438634431
SG_014373,0.1777962070026159
SG_014375,0.140073015342803
SG_014380,0.28773221843122554
SG_014383,0.24935286307935417
SG_014385,0.19749470964069488
SG_014386,0.1979944889706635
SG_014387,0.14370952729036549
SG_014389,0.1600295158705303
SG_014391,0.14995815163941045
SG_014394,0.24674995275039172
SG_014398,0.15987750646804716
SG_014402,0.14362299184600386
SG_014409,0.19342552748342462
SG_014411,0.25021500262659596
SG_014415,0.18754990479848183
SG_014416,0.15741252553400362
SG_014418,0.14016233374199466
SG_014425,0.1972879668800414
SG_014426,0.2800769889454337
SG_014431,0.17133204110266506
SG_014432,0.2748169294508629
SG_014446,0.1768344255165393
SG_014447,0.1316531165603456
SG_014457,0.144340745025159
SG_014465,0.18614707224365434
SG_014466,0.129763259023344
SG_014469,0.13150015915513102
SG_014474,0.12534340482986706
SG_014484,0.1606872499892183
SG_014486,0.1169379404092397
SG_014488,0.1279447577120864
SG_014491,0.1456262963789398
SG_014495,0.2052478207927463
SG_014512,0.21786743623317176
SG_014514,0.13731866740124535
SG_014516,0.15227498714259607
SG_014519,0.12988501504998667
SG_014522,0.12914574729091913
SG_014529,0.17733751727200817
SG_014538,0.26156247180925074
SG_014544,0.19019093620910923
SG_014551,0.162982577295544
SG_014552,0.19346955772455807
SG_014556,0.13122969380640265
SG_014562,0.1841079885781595
SG_014565,0.11744757639792751
SG_014566,0.1917883663492245
SG_014568,0.1242637760672312
SG_014569,0.12003677692479253
SG_014570,0.15528288516862596
SG_014578,0.12938741798447018
SG_014579,0.21366226225328191
SG_014581,0.1544670100603552
SG_014582,0.17458886995705053
SG_014583,0.12702342387844964
SG_014587,0.16703150504464415
SG_014594,0.13512713200773457
SG_014596,0.21126589178802946
SG_014597,0.1478480723662998
SG_014607,0.1678864665703576
SG_014611,0.12618181007493806
SG_014616,0.167271537330145
SG_014617,0.14792822986318638
SG_014618,0.16792570844459748
SG_014619,0.12207337604449449
SG_014621,0.18704700228404186
SG_014626,0.17839741867325318
SG_014634,0.11444449643604777
SG_014635,0.19146599000690395
SG_014636,0.150095620245339
SG_014637,0.13828050864447336
SG_014640,0.16271931706573897
SG_014641,0.15854211205060972
SG_014645,0.13929522747388803
SG_014647,0.13604795193065183
SG_014653,0.16605151658521652
SG_014655,0.13593244624450102
SG_014656,0.23719707066817936
SG_014657,0.25634877706380854
SG_014660,0.20298999121024036
SG_014667,0.13037411239126395
SG_014672,0.186103456570562
SG_014677,0.1273132968577401
SG_014680,0.197548281310266
SG_014681,0.19772371037922548
SG_014687,0.18197669635596547
SG_014690,0.18501279372709617
SG_014691,0.12154362348444483
SG_014700,0.21058901526540721
SG_014701,0.29435942762557543
SG_014702,0.18883723049329476
SG_014703,0.12611470274272774
SG_014712,0.2778943171114322
SG_014713,0.13338389128130254
SG_014718,0.13052854246099627
SG_014720,0.23629249473089242
SG_014723,0.16105035884833943
SG_014729,0.21818006555668368
SG_014731,0.17342332598190036
SG_014733,0.18067141378182947
SG_014735,0.23598453715932627
SG_014742,0.11785041311145479
SG_014746,0.15037609801030602
SG_014748,0.12337152863631151
SG_014749,0.14870299750553184
SG_014753,0.14804370743522316
SG_014754,0.13778595794419482
SG_014757,0.14878686301952632
SG_014771,0.14435265317503837
SG_014774,0.16323709927147304
SG_014777,0.17934647011669919
SG_014778,0.23442341953446974
SG_014780,0.15763224591896668
SG_014787,0.2121745810845838
SG_014800,0.205046517939393
SG_014801,0.25856447942824573
SG_014802,0.13846990447593277
SG_014803,0.15005172349724652
SG_014808,0.141905588460641
SG_014812,0.1271788147973773
SG_014813,0.12593059477916765
SG_014815,0.2604253721211197
SG_014824,0.11552688321035014
SG_014825,0.16962005303715638
SG_014827,0.14715216380709856
SG_014830,0.11449428058010855
SG_014834,0.13582972694082987
SG_014839,0.21325233132243832
SG_014844,0.2311170955792941
SG_014865,0.24045188992346955
SG_014866,0.12257434928576146
SG_014867,0.18587521738029514
SG_014871,0.17887417166275957
SG_014874,0.1316740298123143
SG_014875,0.16363745880777375
SG_014879,0.1234848765314949
SG_014880,0.1137636256737045
SG_014882,0.18647773062431602
SG_014885,0.1827644393902159
SG_014887,0.22171459981830216
SG_014894,0.16294699208747357
SG_014895,0.1583163687965585
SG_014898,0.12659326884995226
SG_014900,0.15956301203969928
SG_014906,0.21894825838778442
SG_014909,0.13826544743076635
SG_014914,0.1694556443947646
SG_014919,0.1220636329676755
SG_014921,0.16780847952104957
SG_014939,0.2656889049683259
SG_014940,0.1612596960052202
SG_014945,0.22926161847006393
SG_014946,0.11300686004625234
SG_014951,0.22189445709699904
SG_014953,0.23976870436094674
SG_014955,0.17889640720364963
SG_014959,0.16799248003796677
SG_014961,0.17835770728253905
SG_014964,0.1750925045769467
SG_014965,0.13028553034273904
SG_014966,0.15861715787515915
SG_014969,0.2081565264676893
SG_014972,0.19694633253915325
SG_014976,0.2211782959199215
SG_014979,0.11438124098218042
SG_014980,0.19041716701981254
SG_014984,0.1586474431148849
SG_014990,0.11274417715507683
SG_014998,0.12247180502604368
SG_014999,0.13170859027383047
SG_015001,0.14700212316206557
SG_015002,0.1663341498299193
SG_015014,0.18315410629939
SG_015015,0.13809218766943246
SG_015021,0.15001257287912037
SG_015026,0.1600418197012445
SG_015031,0.2538610993573067
SG_015036,0.14821558517373754
SG_015039,0.12344579448064943
SG_015042,0.14099036471533163
SG_015044,0.14223852202010082
SG_015046,0.15981037322005878
SG_015047,0.2040230204507115
SG_015050,0.127102954993401
SG_015054,0.17836011533019597
SG_015066,0.16596005384170692
SG_015068,0.22826179187209092
SG_015071,0.14203949864186258
SG_015075,0.12589423261748078
SG_015076,0.12779963824003637
SG_015081,0.19148367407385158
SG_015082,0.14494565321450598
SG_015085,0.1223474198127628
SG_015093,0.2596795491440099
SG_015095,0.15102064778317212
SG_015099,0.12002120618654497
SG_015102,0.12679384733671406
SG_015103,0.24631398871063942
SG_015111,0.12980141452186525
SG_015112,0.12125515979140404
SG_015118,0.13736572413727963
SG_015125,0.17455152167569493
SG_015126,0.1868230092076281
SG_015127,0.14657245711158584
SG_015129,0.1414883146351255
SG_015134,0.1603563950591482
SG_015135,0.1440615805579917
SG_015137,0.1386361644813716
SG_015138,0.2344149255267967
SG_015144,0.1896037792976105
SG_015146,0.14601557660142156
SG_015152,0.141184530982072
SG_015155,0.1422889474526534
SG_015158,0.22699179261551503
SG_015159,0.1608704009941833
SG_015161,0.17207728239706568
SG_015165,0.2266001198508127
SG_015167,0.1650488755005008
SG_015169,0.19757636860555694
SG_015176,0.17382283236824722
SG_015180,0.13913148894502067
SG_015183,0.2384970683836644
SG_015189,0.1298777774308206
SG_015190,0.1307854543819342
SG_015192,0.1371621725808657
SG_015195,0.12739559100338615
SG_015197,0.22465431610563158
SG_015201,0.18444672150470137
SG_015202,0.22458662575625077
SG_015214,0.1497699148980958
SG_015215,0.18862680642327012
SG_015217,0.1233440876084674
SG_015222,0.15193031257799722
SG_015224,0.14460532259078462
SG_015235,0.13878943937112392
SG_015239,0.13541571749467537
SG_015246,0.13608800663290085
SG_015251,0.16715650319724973
SG_015252,0.21717655890853454
SG_015256,0.26451571466557117
SG_015257,0.19316348743763284
SG_015261,0.16614051880851027
SG_015262,0.19016275950606892
SG_015263,0.2234381895310781
SG_015269,0.1477573587329445
SG_015270,0.12881083297370519
SG_015272,0.14960800684333825
SG_015276,0.2579736911205012
SG_015277,0.12881359877012877
SG_015278,0.14539518048200833
SG_015279,0.19793007929147885
SG_015280,0.18342110974429782
SG_015283,0.2310421288538027
SG_015284,0.2212100273405852
SG_015289,0.2845101864242242
SG_015290,0.12616511696468571
SG_015294,0.16635117354224183
SG_015296,0.14714070725640682
SG_015297,0.2577857924671864
SG_015302,0.11962134231324413
SG_015304,0.24653974460085976
SG_015308,0.16010539615693933
SG_015309,0.1520610064009213
SG_015312,0.2062711231575467
SG_015317,0.2403316904963199
SG_015322,0.16439720960013554
SG_015323,0.1973184250334128
SG_015326,0.24919394637941505
SG_015329,0.1314080468451037
SG_015337,0.12818049417898028
SG_015339,0.18132171727880472
SG_015340,0.1396949314737468
SG_015341,0.1819160904883641
SG_015346,0.15641911177978926
SG_015348,0.13339817577042945
SG_015349,0.19908584867622806
SG_015351,0.2804967118905255
SG_015355,0.12371457534810437
SG_015356,0.224129427172646
SG_015360,0.1463947197138174
SG_015361,0.16644251222445167
SG_015362,0.28777314398609605
SG_015363,0.12752482757725223
SG_015369,0.1572673618015616
SG_015372,0.13551077851631782
SG_015375,0.13027877905021365
SG_015381,0.20898056329327863
SG_015382,0.1147898337269208
SG_015383,0.1301315161764766
SG_015384,0.18850112234664868
SG_015388,0.15492281116988776
SG_015395,0.1458483100686977
SG_015397,0.13599404168776572
SG_015399,0.18440212609218168
SG_015400,0.20873287652230607
SG_015401,0.12380137258698651
SG_015402,0.18992645189532423
SG_015403,0.19258459013839818
SG_015406,0.2092035171216647
SG_015412,0.2119420592831783
SG_015421,0.26183589430032883
SG_015424,0.139481342192822
SG_015425,0.1613054261969713
SG_015428,0.15109283911595664
SG_015430,0.16194716612577537
SG_015431,0.13458810411282243
SG_015439,0.1493993957809703
SG_015440,0.11266745088169412
SG_015446,0.2024165721079257
SG_015447,0.17517252038400105
SG_015448,0.17494500196943658
SG_015452,0.1776421261068421
SG_015454,0.20765914911516062
SG_015458,0.23895751571440366
SG_015462,0.13493486807227484
SG_015463,0.1777912094632184
SG_015464,0.17272664748897928
SG_015466,0.12803917256395522
SG_015467,0.19789701286748146
SG_015470,0.13006738795104894
SG_015473,0.15609985957923178
SG_015479,0.12700695086054442
SG_015481,0.18744993878046806
SG_015483,0.13308110498257614
SG_015492,0.21261417002787814
SG_015495,0.13585001693818682
SG_015498,0.18657677759505611
SG_015503,0.14421499306498414
SG_015507,0.19448863253028592
SG_015512,0.1330794953375323
SG_015514,0.16808036231419807
SG_015517,0.2091607370135827
SG_015520,0.22373710418339132
SG_015524,0.166360763691064
SG_015526,0.17369874527597676
SG_015527,0.14404730104654878
SG_015535,0.1320447489347004
SG_015537,0.197166978243088
SG_015538,0.19787884321348614
SG_015540,0.185680258772332
SG_015542,0.12345889853865137
SG_015543,0.2524823505895103
SG_015544,0.1723089296198695
SG_015546,0.2391739643290352
SG_015547,0.1784009908956637
SG_015550,0.12939177479739955
SG_015556,0.12924042137477437
SG_015558,0.18684856520541526
SG_015559,0.2042645220905864
SG_015560,0.19022709868079707
SG_015562,0.12580448163360078
SG_015565,0.12447681828423747
SG_015568,0.26393825232549223
SG_015572,0.12801490485034334
SG_015576,0.11624993658440815
SG_015578,0.11879085103317055
SG_015580,0.13298813069160276
SG_015582,0.13527824202994174
SG_015584,0.1622937661824132
SG_015585,0.23410246250833683
SG_015586,0.1376627511589079
SG_015587,0.12766955690727935
SG_015589,0.19912006096932816
SG_015590,0.13908836443751932
SG_015591,0.1803634785418431
SG_015593,0.18678325693933867
SG_015597,0.1565167574226507
SG_015598,0.17681937206702134
SG_015600,0.18526903867216798
SG_015606,0.2168116034641021
SG_015613,0.207160041809508
SG_015615,0.2951649572279396
SG_015617,0.14663792752058824
SG_015619,0.1599570712304381
SG_015623,0.1516538190082058
SG_015627,0.18606930656011444
SG_015637,0.133398095618853
SG_015641,0.16787696851594672
SG_015644,0.16419864389202182
SG_015649,0.13358704688483225
SG_015654,0.3085739950437121
SG_015655,0.25279179903756493
SG_015656,0.12146466300839887
SG_015659,0.14739193624948183
SG_015662,0.2445972841305458
SG_015664,0.1290403718399446
SG_015671,0.28750424514794204
SG_015675,0.11748121834628693
SG_015678,0.16295440697312685
SG_015680,0.15910313981592378
SG_015681,0.12977529139706975
SG_015682,0.19578051888318576
SG_015684,0.12319722354425573
SG_015693,0.19370044893342092
SG_015708,0.1862406125795914
SG_015715,0.17644485166553708
SG_015716,0.15575511346889748
SG_015718,0.11643991590225915
SG_015721,0.17105577272433653
SG_015724,0.2254987427173099
SG_015726,0.17938146806212923
SG_015729,0.14592291193872794
SG_015730,0.2257222349084571
SG_015735,0.12293178988653748
SG_015738,0.1908624309773434
SG_015743,0.21072541286681737
SG_015744,0.127265133233872
SG_015746,0.12403420964447916
SG_015756,0.1467677575651226
SG_015762,0.1621356718113813
SG_015763,0.17951107822929685
SG_015766,0.15644783828333508
SG_015769,0.19863414569148033
SG_015770,0.17325824127462391
SG_015772,0.12548758789472708
SG_015773,0.20830987237983356
SG_015780,0.15548053015398064
SG_015790,0.15570548682093727
SG_015797,0.14316229906163475
SG_015806,0.12270966159875989
SG_015810,0.21493728287912545
SG_015815,0.1233122448309997
SG_015817,0.2574851478870639
SG_015818,0.16952718166734435
SG_015819,0.19826079784223313
SG_015820,0.16300920766619606
SG_015827,0.16471316080306783
SG_015828,0.1573356816798333
SG_015829,0.14049305744678559
SG_015832,0.16235196441548663
SG_015833,0.15646694408113127
SG_015834,0.14861106192809292
SG_015838,0.24638734456325295
SG_015840,0.14062762366603215
SG_015842,0.15203543543490788
SG_015845,0.14266024234071797
SG_015849,0.16295183398047464
SG_015857,0.14573096689943857
SG_015859,0.11627856486909124
SG_015860,0.2716923465512882
SG_015867,0.14806516202516307
SG_015873,0.21977133047028471
SG_015878,0.1819428912013096
SG_015879,0.12870829840409972
SG_015880,0.1889734183869078
SG_015881,0.11635382597676742
SG_015884,0.13421455983610456
SG_015885,0.1300473780030647
SG_015891,0.23872128952650135
SG_015893,0.14281419285507074
SG_015898,0.15674082657858618
SG_015900,0.15605678006288287
SG_015901,0.1422595860949632
SG_015907,0.1840640907660422
SG_015908,0.1631649202460042
SG_015910,0.22377014619898442
SG_015914,0.16156160613283582
SG_015917,0.24607084124057838
SG_015921,0.24607386524039895
SG_015922,0.16866954028319697
SG_015928,0.2244029295548234
SG_015939,0.16180919746726727
SG_015940,0.12459328457851082
SG_015942,0.21042387714682959
SG_015943,0.24643343617844798
SG_015947,0.135528828083054
SG_015950,0.173124625847063
SG_015951,0.20201835478735825
SG_015955,0.13012663472911928
SG_015964,0.18465633311594037
SG_015965,0.14394955863037057
SG_015972,0.13052511523632226
SG_015973,0.11774024408223135
SG_015975,0.1252753355202769
SG_015977,0.1816997742577343
SG_015978,0.23262789590262667
SG_015979,0.2534177944405182
SG_015980,0.14542156404357343
SG_015981,0.1901162035667531
SG_015985,0.274547166148349
SG_015988,0.1458237826282707
SG_015989,0.22531431000829602
SG_015990,0.17066600057606343
SG_015998,0.17973696632921815
SG_015999,0.12002421659858661
SG_016002,0.18448039737283908
SG_016003,0.130139374816729
SG_016004,0.17774423305174875
SG_016008,0.2762599720309079
SG_016010,0.2750388222749192
SG_016013,0.2156048283647835
SG_016015,0.14460319453717585
SG_016020,0.12531654940309087
SG_016021,0.2398821704440081
SG_016022,0.14914417320129986
SG_016027,0.2677964510324421
SG_016028,0.14578987250899286
SG_016029,0.12346491082463171
SG_016030,0.24549274967881232
SG_016045,0.14985173850250194
SG_016048,0.18345104527076886
SG_016049,0.13681124386704893
SG_016054,0.29293872651987835
SG_016056,0.14738189758894044
SG_016060,0.1529247595124708
SG_016065,0.1316224468010166
SG_016081,0.11755665653982898
SG_016085,0.1268992769904879
SG_016089,0.13882160206126776
SG_016091,0.18871165639701465
SG_016092,0.25502463849462254
SG_016101,0.2686364509761039
SG_016102,0.1721109350599868
SG_016103,0.18282258133475865
SG_016108,0.12348894335698987
SG_016109,0.1852401609943762
SG_016111,0.23991771040550774
SG_016113,0.12793210356216958
SG_016114,0.13502978553010125
SG_016115,0.16619184795535044
SG_016116,0.21224261799183392
SG_016119,0.12714603863720308
SG_016124,0.12087035814483207
SG_016127,0.15575974505197906
SG_016132,0.2894750039365177
SG_016133,0.13010045585094282
SG_016134,0.1628524114553184
SG_016138,0.13246555562529455
SG_016140,0.19917969547999315
SG_016146,0.22996043956987547
SG_016147,0.13111113722996412
SG_016156,0.21790235859338503
SG_016158,0.13373090020472145
SG_016159,0.1880629593170584
SG_016160,0.11705549410757772
SG_016161,0.12873642984608685
SG_016163,0.19179136471288388
SG_016164,0.1900717121644791
SG_016165,0.18447921842273354
SG_016166,0.12518498502911685
SG_016171,0.18556789638225848
SG_016172,0.18598180445554147
SG_016174,0.16281737119438716
SG_016176,0.14924647546679498
SG_016179,0.2398260492141076
SG_016181,0.25470048496807685
SG_016183,0.11849018108832614
SG_016185,0.1798828202040787
SG_016186,0.15634300538316154
SG_016187,0.1176678961387494
SG_016188,0.1902080789844512
SG_016190,0.11729300385929223
SG_016194,0.20432795304379447
SG_016195,0.14618672459371856
SG_016196,0.20603561966091202
SG_016197,0.1467107650759935
SG_016211,0.1286630967346238
SG_016214,0.24999703015168678
SG_016215,0.13748754898313761
SG_016219,0.1713293051849603
SG_016221,0.19985021859822488
SG_016222,0.15011625325599715
SG_016224,0.13843181053330195
SG_016225,0.21637531317166556
SG_016233,0.14858173402233446
SG_016234,0.1305100228777267
SG_016235,0.13875371930381536
SG_016238,0.11086631327418513
SG_016242,0.1926263314255559
SG_016244,0.1296790327130573
SG_016245,0.11703831049675169
SG_016246,0.1676000051937963
SG_016249,0.16686450321977836
SG_016251,0.22789036898349435
SG_016252,0.2512427659398382
SG_016259,0.18657995669644764
SG_016262,0.16076887280265204
SG_016263,0.12281276252240139
SG_016268,0.1719866415222951
SG_016270,0.13121673446930765
SG_016272,0.21662996767737713
SG_016273,0.22095437580842528
SG_016275,0.2567068975247043
SG_016278,0.1741752215669749
SG_016282,0.20491456761072127
SG_016285,0.13497264925034122
SG_016289,0.20626175775489744
SG_016292,0.14086710235160063
SG_016297,0.14816382912581536
SG_016299,0.21762172612156655
SG_016310,0.15669789550761803
SG_016315,0.18790673322947793
SG_016316,0.16277105011433995
SG_016318,0.1359769563624285
SG_016324,0.13296386883289887
SG_016326,0.149058666891589
SG_016327,0.23385476659235768
SG_016330,0.11641020226545988
SG_016331,0.2055413173364508
SG_016332,0.10978511487413727
SG_016333,0.21038836265198704
SG_016334,0.13203690224605397
SG_016337,0.11840683381947145
SG_016341,0.18337059776284825
SG_016343,0.1318936492848987
SG_016345,0.22336398092143012
SG_016346,0.13232616890487564
SG_016349,0.16794627496671627
SG_016351,0.15002574890780873
SG_016352,0.11154952551084622
SG_016354,0.14689516334522607
SG_016363,0.19813314749616354
SG_016372,0.19326361226441963
SG_016375,0.1377763921585171
SG_016382,0.1497942883998706
SG_016384,0.24836408749070243
SG_016386,0.11548519334899698
SG_016389,0.21916834524530815
SG_016392,0.1820028473573567
SG_016393,0.15667663957998493
SG_016394,0.15459681747377235
SG_016401,0.15938458171969458
SG_016402,0.1708872059857824
SG_016405,0.2402525160726679
SG_016414,0.16122039377241543
SG_016421,0.12530783354070607
SG_016424,0.14547396379517247
SG_016425,0.15088653146199552
SG_016429,0.13737344449455036
SG_016431,0.16239248520106525
SG_016432,0.17813101277520776
SG_016435,0.23011840419217094
SG_016436,0.28427549885757575
SG_016443,0.11933906281156001
SG_016445,0.13654281226180037
SG_016450,0.2019632321399365
SG_016452,0.1319644710051609
SG_016456,0.27239216518404474
SG_016462,0.11427755952525201
SG_016463,0.14474108024520344
SG_016474,0.2626237693256816
SG_016482,0.1509838235437974
SG_016488,0.13991886319250776
SG_016502,0.12126813452984227
SG_016503,0.2040873597122077
SG_016507,0.18523019999850526
SG_016508,0.1512716791812559
SG_016511,0.12887455252220234
SG_016512,0.2505319498579707
SG_016517,0.1564816794145325
SG_016518,0.2370676378897675
SG_016520,0.13010531440042553
SG_016522,0.2147731867754749
SG_016524,0.17692882200738397
SG_016526,0.20145392791555264
SG_016528,0.17767429835479043
SG_016529,0.17655411042157082
SG_016532,0.22526372580708404
SG_016535,0.13264846989375045
SG_016537,0.11878274939039254
SG_016539,0.11813513387415579
SG_016542,0.1396416553150374
SG_016545,0.14309708715157496
SG_016547,0.15239901602931064
SG_016548,0.12285684777026962
SG_016554,0.16017692766950992
SG_016562,0.23864075603269913
SG_016563,0.18097417216818107
SG_016566,0.12291261722982391
SG_016567,0.15225724352531983
SG_016580,0.14718244996635022
SG_016581,0.15444642497983518
SG_016585,0.2530338511904528
SG_016600,0.16690335937617704
SG_016603,0.28311076153697123
SG_016604,0.1299022591597491
SG_016606,0.22440183218459295
SG_016609,0.17043365974525854
SG_016612,0.1750414184036541
SG_016613,0.18093814797897803
SG_016614,0.174149920917231
SG_016623,0.15442576188073878
SG_016625,0.252848878566688
SG_016632,0.1993140007155701
SG_016634,0.12278483462480468
SG_016637,0.20320294409252684
SG_016641,0.15903480055794422
SG_016646,0.13111660965808514
SG_016647,0.14355662555324067
SG_016660,0.11212161911947147
SG_016662,0.19294642357169978
SG_016670,0.2539763463257425
SG_016671,0.1378549790337806
SG_016673,0.12991932825024657
SG_016675,0.15194947079151705
SG_016685,0.14005291004933473
SG_016689,0.2594365496061967
SG_016690,0.18882115073011502
SG_016691,0.11544311406590994
SG_016692,0.14640658759698683
SG_016696,0.2416770462347476
SG_016698,0.13068103093767777
SG_016699,0.13564990607684457
SG_016703,0.12333995568460587
SG_016704,0.27950049311196123
SG_016705,0.20749534861305516
SG_016708,0.2520352928375372
SG_016710,0.14042050296008912
SG_016711,0.19101455449764929
SG_016714,0.1826936174322841
SG_016716,0.11897148836758484
SG_016719,0.19075768480950794
SG_016720,0.12820022686444504
SG_016721,0.1292163771485358
SG_016723,0.12232668457349975
SG_016732,0.1856669793893861
SG_016733,0.27333136315993356
SG_016736,0.11858097503723161
SG_016737,0.11786903373012385
SG_016738,0.15659674887881478
SG_016741,0.19511553948390453
SG_016745,0.19774841679688543
SG_016746,0.13806947952286897
SG_016752,0.1615832078902898
SG_016754,0.13172795207705862
SG_016758,0.16089126996321151
SG_016763,0.15961149800840774
SG_016765,0.17495878659053002
SG_016769,0.1359574308231569
SG_016776,0.1914808980599169
SG_016778,0.21997000934691754
SG_016779,0.15529456411937673
SG_016780,0.22363879038777376
SG_016783,0.2064655506040282
SG_016785,0.1899583420388939
SG_016786,0.16994349138917214
SG_016792,0.17357241691433287
SG_016793,0.13100875828647635
SG_016794,0.2178385685377598
SG_016805,0.15953731231155985
SG_016807,0.1539268137896781
SG_016810,0.12759204628029705
SG_016813,0.15548320275038244
SG_016818,0.16729990058614566
SG_016819,0.15189839970701846
SG_016823,0.26778591747757924
SG_016827,0.1460848226531017
SG_016828,0.20791864114467512
SG_016832,0.18384164134466444
SG_016834,0.24969669756850849
SG_016837,0.19625067903637877
SG_016840,0.1267166450711759
SG_016843,0.2323318305274243
SG_016847,0.133018900410048
SG_016849,0.1379206051628409
SG_016851,0.15480043920524358
SG_016857,0.1451767151095148
SG_016858,0.24682589530738638
SG_016859,0.17966278566255528
SG_016861,0.181165436553708
SG_016863,0.16737501584957212
SG_016874,0.2801903512171052
SG_016877,0.12672148568318878
SG_016881,0.25840939217131015
SG_016885,0.1568483572400237
SG_016887,0.18173171751730302
SG_016888,0.1704136787456593
SG_016891,0.16419393532100918
SG_016893,0.1234646924116217
SG_016895,0.1716584336881672
SG_016900,0.1477349038462367
SG_016902,0.16517933424024817
SG_016904,0.14252074849394494
SG_016909,0.1258233937733671
SG_016911,0.20623972522260745
SG_016924,0.1119096139248688
SG_016925,0.17565393655470357
SG_016928,0.15427100352489925
SG_016937,0.11476816448284825
SG_016939,0.20574350721295748
SG_016941,0.19368266820987273
SG_016944,0.2631092843123302
SG_016946,0.14116786380625593
SG_016951,0.166338545799598
SG_016961,0.2880365762099283
SG_016963,0.18652267070938316
SG_016967,0.14257785380619392
SG_016968,0.2702469096973322
SG_016971,0.17822930172290807
SG_016973,0.14565020579266974
SG_016974,0.1492765037361977
SG_016975,0.2046949752267347
SG_016976,0.14717405548053739
SG_016986,0.12509367156713166
SG_016989,0.23302203037958863
SG_016990,0.18113884463597418
SG_017003,0.14694827642800462
SG_017005,0.13062285837969773
SG_017006,0.12066958256559338
SG_017016,0.15952603170627339
SG_017018,0.23661896139696434
SG_017021,0.14928586126639715
SG_017026,0.12859211371306933
SG_017028,0.1330480984289861
SG_017040,0.15370189709538956
SG_017043,0.12932509431160538
SG_017044,0.227076545197816
SG_017046,0.16524055842848065
SG_017048,0.13037416951097175
SG_017049,0.130222831240585
SG_017050,0.1209555859193117
SG_017055,0.19520136279978278
SG_017056,0.1295381100921197
SG_017062,0.13566186084029108
SG_017067,0.15489464333390499
SG_017070,0.1395932053407713
SG_017071,0.21118852785709205
SG_017076,0.18104168938587517
SG_017077,0.15173698046094133
SG_017079,0.11698597973696383
SG_017080,0.1170431944023083
SG_017085,0.2622665892623043
SG_017098,0.13292087060984178
SG_017103,0.18652270904016416
SG_017110,0.19018166277719803
SG_017111,0.2974961469747261
SG_017114,0.12311342057487076
SG_017116,0.28536323837294064
SG_017123,0.12633267846726037
SG_017124,0.1907475706657536
SG_017126,0.13596936050756742
SG_017127,0.12922149555936405
SG_017130,0.22341261237823104
SG_017139,0.19713610165969567
SG_017144,0.14456642980149564
SG_017145,0.1392187184442163
SG_017146,0.18353527738416076
SG_017154,0.1569836150949375
SG_017158,0.17845126639885786
SG_017170,0.17012990282681145
SG_017171,0.18455414050559005
SG_017172,0.1418367027429787
SG_017182,0.11832986475782356
SG_017187,0.11987349261140241
SG_017190,0.21541354341360108
SG_017192,0.13138264075035985
SG_017193,0.16065919110590693
SG_017195,0.2350833910779694
SG_017202,0.2258702048111977
SG_017206,0.16645702127746315
SG_017208,0.1693298031024514
SG_017213,0.15664772212026754
SG_017218,0.1233322152305587
SG_017220,0.1660313091808257
SG_017223,0.14708447578652456
SG_017224,0.1930319145712227
SG_017225,0.17115886024320687
SG_017227,0.1681435212894796
SG_017228,0.19293910549960258
SG_017230,0.1413872456665723
SG_017232,0.19214952507136054
SG_017235,0.14714588223029096
SG_017239,0.2780295428249605
SG_017241,0.17062184291832433
SG_017245,0.13586048510467702
SG_017250,0.2910840360980823
SG_017254,0.11987106571331049
SG_017255,0.20831857269486792
SG_017266,0.13099188071210194
SG_017269,0.15026170121527443
SG_017272,0.1703869555352131
SG_017276,0.14902972287677857
SG_017279,0.12051808261914579
SG_017281,0.11529564933337944
SG_017287,0.20158207177433068
SG_017288,0.1630586632631213
SG_017292,0.1456824280779949
SG_017294,0.20754931351012096
SG_017296,0.12440303457714146
SG_017303,0.12683697467144764
SG_017304,0.1756304566815666
SG_017309,0.2106937634117832
SG_017311,0.16189645031406089
SG_017316,0.11291502065964025
SG_017317,0.18557149406844925
SG_017318,0.22460094742171544
SG_017323,0.14838663990580597
SG_017328,0.20499924943031161
SG_017338,0.13940382959036765
SG_017339,0.17507412448742712
SG_017347,0.16664798792110186
SG_017348,0.129379356255426
SG_017349,0.1399125165716429
SG_017350,0.12790956079496638
SG_017354,0.14861963570014208
SG_017358,0.2138866572759816
SG_017360,0.13895121059334528
SG_017361,0.18656532306188262
SG_017364,0.2554298380836926
SG_017368,0.16878311706474491
SG_017373,0.18417470406841344
SG_017376,0.1997915996880097
SG_017383,0.19223767643182954
SG_017385,0.14300031165911373
SG_017391,0.19821770983325082
SG_017399,0.19402196635980215
SG_017402,0.10942369148985795
SG_017405,0.1242020378569026
SG_017406,0.12830009998933886
SG_017416,0.1389167035503151
SG_017419,0.1945434244819914
SG_017421,0.1437585241026545
SG_017423,0.20703521339932895
SG_017425,0.22199015572306857
SG_017428,0.1701357267255677
SG_017431,0.19229405689738105
SG_017432,0.23658151434294195
SG_017438,0.22642804924369614
SG_017439,0.11435482623446189
SG_017445,0.12424365596374923
SG_017448,0.1157742797981772
SG_017452,0.1984840758243617
SG_017454,0.18764955756103557
SG_017457,0.1616620858114638
SG_017458,0.2263136606030159
SG_017464,0.19278089258132386
SG_017465,0.12322049983429295
SG_017466,0.27102643228345535
SG_017467,0.21505911507705022
SG_017475,0.12384277123752266
SG_017479,0.16453418412827242
SG_017480,0.11221162498477515
SG_017481,0.14616237764479664
SG_017482,0.1400438483686425
SG_017484,0.14121734201465114
SG_017486,0.144870831075321
SG_017501,0.14466211993416572
SG_017504,0.1299567012027288
SG_017507,0.1484950716914387
SG_017509,0.12880954817392792
SG_017513,0.1447749211825024
SG_017514,0.1702318329026224
SG_017516,0.12188629422920072
SG_017518,0.15902015918980972
SG_017521,0.19233353929806501
SG_017526,0.1425149928231629
SG_017529,0.12451147560759561
SG_017532,0.12842062721863717
SG_017535,0.14936605167786796
SG_017537,0.14828903496754772
SG_017538,0.16797706183693276
SG_017542,0.14860847398596458
SG_017545,0.22195364561660852
SG_017549,0.2836237068248015
SG_017557,0.13995708809009455
SG_017559,0.20041674350790908
SG_017560,0.12655369963042418
SG_017562,0.1827109992039316
SG_017563,0.21990611300452922
SG_017565,0.16286388947027514
SG_017572,0.14361317973723825
SG_017575,0.2822998658178208
SG_017577,0.1692329775970057
SG_017578,0.1348633624193168
SG_017579,0.2333618306056641
SG_017580,0.13390123854264563
SG_017581,0.21029684015712005
SG_017589,0.22463988993719058
SG_017590,0.128356900491145
SG_017594,0.2070262483606336
SG_017597,0.1399099845020134
SG_017604,0.19461354988135898
SG_017605,0.16763017486657397
SG_017606,0.25851606529108945
SG_017607,0.162602043400243
SG_017611,0.21412890191885808
SG_017615,0.12873862324803037
SG_017616,0.1218750238870435
SG_017617,0.274485218982644
SG_017621,0.1438588695978167
SG_017622,0.195463958296042
SG_017629,0.1626746506185471
SG_017630,0.12263161227224954
SG_017634,0.15210821783152326
SG_017639,0.16001262836069044
SG_017642,0.1341407834544645
SG_017646,0.2689070657197963
SG_017657,0.24114158950977135
SG_017658,0.16312304030598052
SG_017667,0.12790390946191593
SG_017673,0.16167609782154427
SG_017674,0.15721385891834655
SG_017677,0.1241487679884035
SG_017679,0.1179491864307538
SG_017683,0.16933787708942444
SG_017687,0.11834357677753775
SG_017689,0.2145858193067227
SG_017691,0.11933045105613209
SG_017693,0.20263066879361186
SG_017696,0.1447230500548184
SG_017697,0.1421866135348936
SG_017702,0.12133928863885277
SG_017703,0.2565965567246476
SG_017709,0.11613510564131288
SG_017714,0.13509687058913425
SG_017715,0.1976880272304175
SG_017718,0.20435789247921848
SG_017719,0.14551168441491089
SG_017728,0.19740402607182977
SG_017729,0.14316631719862583
SG_017739,0.1577523093538875
SG_017743,0.1457980672009656
SG_017745,0.12299243662442697
SG_017746,0.12085604483736265
SG_017749,0.2608855433842144
SG_017750,0.19391877222187945
SG_017754,0.14497515934115238
SG_017757,0.2088218563619074
SG_017760,0.24300808614679292
SG_017774,0.2080066412920964
SG_017775,0.13667266255572
SG_017776,0.1360446018394288
SG_017777,0.23095368918195178
SG_017778,0.15356619057568477
SG_017781,0.19413571584174133
SG_017782,0.20847295115229483
SG_017789,0.18213296926485484
SG_017795,0.14059490677584557
SG_017798,0.20571393740104177
SG_017811,0.1739941903676125
SG_017817,0.18641228041055594
SG_017819,0.19857570859221568
SG_017822,0.22514324938493102
SG_017827,0.1480645485228599
SG_017830,0.2908302572702441
SG_017832,0.18327594641554756
SG_017834,0.2717833009509704
SG_017838,0.20513238471602618
SG_017840,0.2534195962190916
SG_017847,0.18328806801397543
SG_017851,0.21841937513000903
SG_017855,0.24159155727321577
SG_017862,0.11223243078093577
SG_017865,0.14483760248277233
SG_017866,0.13436244936593628
SG_017867,0.1420212939271116
SG_017878,0.16944464865378228
SG_017879,0.13592781263652265
SG_017880,0.12306249769728657
SG_017881,0.1347550805594208
SG_017882,0.187965876666772
SG_017886,0.12728105439305962
SG_017888,0.12579824980453358
SG_017889,0.14601844181445045
SG_017895,0.1916282822144358
SG_017900,0.17912775695294897
SG_017902,0.17657433408149803
SG_017907,0.22557105070905448
SG_017909,0.19464968806353977
SG_017910,0.13567527080544395
SG_017913,0.15950162610156288
SG_017914,0.19454544670875557
SG_017917,0.16412505677146122
SG_017918,0.22503407066873202
SG_017919,0.12255934985879766
SG_017920,0.23555334106175785
SG_017936,0.1300417068332308
SG_017938,0.1473182750117928
SG_017945,0.2740092700285479
SG_017947,0.13535482261640702
SG_017949,0.14743656164066338
SG_017956,0.21806757217597883
SG_017958,0.1827200901777716
SG_017960,0.13425938620046807
SG_017965,0.1201816479819896
SG_017971,0.18984008213106193
SG_017973,0.2288839533152623
SG_017978,0.22890885115166043
SG_017981,0.12804581656765385
SG_017985,0.21556941772708407
SG_017987,0.2650813006726573
SG_017991,0.1570638761066187
SG_017992,0.17762487075075215
SG_018002,0.15449211239184824
SG_018003,0.2547465691581303
SG_018005,0.16939509305509817
SG_018014,0.13902429785946988
SG_018015,0.14402044133045744
SG_018016,0.1750432130739038
SG_018017,0.21947762723847813
SG_018024,0.13390704447304996
SG_018028,0.19712501614013805
SG_018032,0.14528244827556341
SG_018033,0.1525700023691049
SG_018037,0.1677795913351421
SG_018040,0.14962612455989174
SG_018042,0.13353820323626214
SG_018046,0.1250081656395185
SG_018050,0.2705965238597253
SG_018055,0.21300268864198366
SG_018056,0.19990672010210067
SG_018061,0.13816330931864668
SG_018063,0.19683816355531797
SG_018064,0.16927085632720393
SG_018067,0.1357841538876528
SG_018072,0.17812318351189993
SG_018073,0.19137508625316416
SG_018074,0.24856028115345236
SG_018076,0.18593484925781584
SG_018080,0.12901608719209948
SG_018084,0.18578034816924255
SG_018088,0.17666968174430867
SG_018090,0.21088179206267435
SG_018092,0.17595266359413095
SG_018094,0.21315113132926208
SG_018096,0.12507452272431316
SG_018100,0.18982611717848613
SG_018109,0.1887546942936813
SG_018111,0.12212109511404627
SG_018120,0.23926419254049872
SG_018124,0.2510382458558471
SG_018125,0.1737254531528921
SG_018130,0.22188618025385712
SG_018132,0.18486681020592863
SG_018134,0.14132561671737062
SG_018140,0.14881874971320816
SG_018144,0.11582415504844674
SG_018146,0.2243119772833999
SG_018150,0.1946397129393983
SG_018154,0.24576798696215613
SG_018155,0.13419661732175606
SG_018160,0.11369130847413733
SG_018165,0.16911999760616997
SG_018166,0.1347927704450207
SG_018170,0.1356191453170315
SG_018174,0.16858806373948185
SG_018175,0.12761723688795173
SG_018178,0.20108815221827406
SG_018181,0.16259708853712876
SG_018186,0.1855507297132851
SG_018188,0.12488848159184482
SG_018195,0.12502947805551773
SG_018198,0.21327230045090717
SG_018201,0.11191608389057972
SG_018206,0.22997326328198214
SG_018208,0.1290641263281656
SG_018214,0.25476885672219696
SG_018215,0.2540784356653086
SG_018216,0.18772069775539496
SG_018221,0.22216338402683852
SG_018224,0.12915749892330192
SG_018228,0.15518954978241126
SG_018229,0.12584799831664495
SG_018238,0.12636918665458627
SG_018241,0.12952029533490045
SG_018246,0.15471277481106563
SG_018247,0.1323186658609203
SG_018252,0.28360587870454607
SG_018253,0.14409134208299518
SG_018259,0.20936461476593884
SG_018261,0.12927506396068392
SG_018263,0.23674285049878643
SG_018266,0.1441651225523722
SG_018269,0.1866264629718598
SG_018270,0.13294267417640152
SG_018276,0.14743797139664122
SG_018278,0.17330859823272185
SG_018281,0.12271952655706304
SG_018282,0.16508570384685814
SG_018284,0.19800944561274011
SG_018286,0.12349666033124522
SG_018287,0.17383473168853503
SG_018294,0.11990747760906348
SG_018297,0.16555840725988608
SG_018303,0.2141752280602475
SG_018305,0.19050301290640975
SG_018307,0.12005774106198781
SG_018312,0.2019674723619353
SG_018316,0.19748315418157908
SG_018321,0.1349212690426433
SG_018322,0.15671446665693853
SG_018325,0.11411986692846363
SG_018327,0.15229036807098106
SG_018330,0.16133251970808266
SG_018334,0.2598136266283305
SG_018336,0.1539100063763344
SG_018338,0.27484419618785344
SG_018341,0.16525153470871903
SG_018342,0.14590046440774856
SG_018347,0.17540682201948926
SG_018348,0.1490708331882064
SG_018351,0.1626651108924158
SG_018360,0.2634351632053894
SG_018361,0.14370097987117664
SG_018364,0.18934186243233064
SG_018366,0.20103266561702243
SG_018368,0.23177986157510816
SG_018372,0.14871908129418726
SG_018379,0.15218401465833592
SG_018381,0.1462664007395534
SG_018386,0.11940189777886027
SG_018387,0.20083794467812224
SG_018388,0.19285802349029282
SG_018394,0.2513126490194671
SG_018407,0.14149226381286892
SG_018410,0.1444489465684084
SG_018411,0.13168713581186287
SG_018417,0.1759952180782986
SG_018418,0.23184698247683877
SG_018420,0.1638088198524374
SG_018422,0.16149451477934101
SG_018424,0.18218673762538945
SG_018426,0.12780146122443856
SG_018427,0.16520305896372428
SG_018430,0.12835877934035061
SG_018433,0.15841471853753536
SG_018434,0.15461156423757708
SG_018436,0.19915308157484607
SG_018441,0.14522866011625268
SG_018442,0.15519129618813837
SG_018445,0.16338734437374475
SG_018448,0.18714642702613585
SG_018452,0.11415932299773997
SG_018455,0.15265205291981804
SG_018458,0.13145736946483874
SG_018462,0.2738575695203513
SG_018468,0.1606918471630173
SG_018469,0.18616890229923708
SG_018470,0.1825660484212152
SG_018471,0.24169555217377722
SG_018472,0.16255104364717404
SG_018474,0.11063389848895018
SG_018476,0.21958787816887604
SG_018481,0.23781323804313356
SG_018485,0.1613128555734668
SG_018487,0.18358292724039177
SG_018490,0.13236554056954913
SG_018491,0.14897130967595812
SG_018493,0.16665505454551982
SG_018494,0.15719783919145888
SG_018497,0.18725967526519274
SG_018501,0.12570255727785612
SG_018503,0.16411077418412812
SG_018505,0.12734107762156804
SG_018506,0.15548707917140772
SG_018510,0.18096268838156804
SG_018511,0.14209616752248544
SG_018514,0.1602722297713336
SG_018519,0.18075518326775164
SG_018520,0.11936345346963087
SG_018524,0.1762975768956109
SG_018525,0.11884000684861795
SG_018526,0.12497248825590752
SG_018529,0.1568007435410402
SG_018531,0.16633831589090772
SG_018534,0.14671183905889076
SG_018536,0.14993170621303392
SG_018537,0.15172491081748068
SG_018543,0.1922408200875071
SG_018544,0.25186991152059474
SG_018547,0.17629440183393202
SG_018548,0.13741327441304643
SG_018549,0.20543733803571618
SG_018553,0.12678621538895526
SG_018555,0.20108010720798658
SG_018558,0.1779405669419427
SG_018566,0.12365710864620356
SG_018568,0.22368675160364151
SG_018569,0.11536455862566344
SG_018573,0.1504916239868167
SG_018576,0.14065466232252177
SG_018579,0.1179779115302805
SG_018587,0.1671424768184127
SG_018591,0.14297455645143847
SG_018594,0.1295126584979203
SG_018601,0.2374039515267902
SG_018603,0.20588314997485563
SG_018608,0.15428060128967264
SG_018611,0.17849578539061448
SG_018612,0.21157910289636553
SG_018615,0.13851946378747232
SG_018617,0.12969190638696537
SG_018621,0.16366803676499053
SG_018623,0.1903914264798448
SG_018624,0.14658535355938027
SG_018631,0.12912771626583847
SG_018636,0.13686248536773443
SG_018637,0.12729263153772302
SG_018639,0.2243792698513774
SG_018644,0.13711656556566165
SG_018645,0.21517262175500762
SG_018647,0.22210012688126363
SG_018650,0.21562326321898562
SG_018651,0.11562583133985674
SG_018662,0.20293928413169682
SG_018663,0.13853635013418344
SG_018664,0.20454992439306374
SG_018665,0.18309764637862871
SG_018670,0.27751148894493277
SG_018676,0.18448110134648163
SG_018677,0.12747874625788783
SG_018678,0.16397688201961413
SG_018680,0.14127548245010202
SG_018685,0.17130747808757268
SG_018686,0.21151878264954732
SG_018687,0.15882903512762325
SG_018688,0.146286177805327
SG_018689,0.15176325168744673
SG_018693,0.13689049196676906
SG_018694,0.1298394989204487
SG_018697,0.15678294442508228
SG_018703,0.1852962024160119
SG_018705,0.22442442073911772
SG_018709,0.11590474788454737
SG_018710,0.22839082870013822
SG_018711,0.2048079688536804
SG_018717,0.12085564904883853
SG_018721,0.23882184079020377
SG_018722,0.16732773166166298
SG_018731,0.15297843225609759
SG_018733,0.2451282876032272
SG_018738,0.15970021990936809
SG_018744,0.20536549878839533
SG_018745,0.16043053935514034
SG_018748,0.14687072435640958
SG_018756,0.2679478278156203
SG_018758,0.18074380675703736
SG_018761,0.12308685410166212
SG_018765,0.15415942779991293
SG_018766,0.22829611377944428
SG_018767,0.13561765104711365
SG_018768,0.20848597537342184
SG_018770,0.13737136145297157
SG_018779,0.13683684733340412
SG_018787,0.17421987905640562
SG_018788,0.15878595950170973
SG_018789,0.16990976638164615
SG_018791,0.21163497114192417
SG_018792,0.2064332853757584
SG_018793,0.1089104070082952
SG_018798,0.255384620939722
SG_018799,0.18001271618102596
SG_018800,0.13522081571839653
SG_018803,0.13422541530422322
SG_018806,0.2509857606083098
SG_018809,0.14644399651992218
SG_018811,0.1748111097722891
SG_018817,0.12222703704725997
SG_018818,0.13394221926848784
SG_018821,0.12214840102780593
SG_018822,0.13294255268208657
SG_018823,0.15287065546117065
SG_018826,0.17597990061351126
SG_018831,0.135275596900741
SG_018834,0.1353781466798947
SG_018837,0.18117184342247492
SG_018838,0.2514907274702655
SG_018842,0.2009978544869005
SG_018843,0.2655700731531696
SG_018847,0.17951801088264752
SG_018850,0.12877188234227335
SG_018852,0.21158414173172474
SG_018853,0.15367580578267054
SG_018859,0.2310388391213932
SG_018861,0.16859790963184046
SG_018875,0.17221779007351526
SG_018883,0.15822784978275822
SG_018885,0.13302376192425103
SG_018889,0.13055020170702542
SG_018890,0.19229434178997148
SG_018894,0.15420798307566716
SG_018895,0.25508036779456805
SG_018899,0.12491781836942364
SG_018901,0.25870630631873615
SG_018902,0.15611151271383353
SG_018904,0.1991131824866608
SG_018905,0.18946440652993018
SG_018906,0.2382537218189829
SG_018907,0.14374925743746675
SG_018908,0.11978284711246337
SG_018915,0.19467370092970654
SG_018918,0.15156280081466011
SG_018920,0.2040666923887955
SG_018924,0.27060905881416425
SG_018928,0.1929315082881858
SG_018940,0.13591012642622224
SG_018941,0.13318681209669464
SG_018942,0.16189129759402032
SG_018965,0.28578668192504314
SG_018966,0.15303277329840795
SG_018968,0.13720150571696738
SG_018970,0.17109814169020673
SG_018972,0.1330691118898919
SG_018978,0.14902364228323384
SG_018981,0.1398191514794724
SG_018984,0.1428249365071772
SG_018990,0.1597988335440961
SG_019006,0.1962184096839254
SG_019012,0.16324012834025967
SG_019014,0.1935675520246697
SG_019015,0.2608924249723265
SG_019016,0.21225889310824053
SG_019018,0.27436236093495997
SG_019019,0.12686201497981783
SG_019023,0.2607811522005454
SG_019028,0.24731747763473028
SG_019030,0.17573237465614
SG_019036,0.18649088297363808
SG_019038,0.12481211445897947
SG_019039,0.24211501638994445
SG_019041,0.16193856824287267
SG_019042,0.1281289732663254
SG_019044,0.27556693561051315
SG_019051,0.14111937609673628
SG_019053,0.17489975822931694
SG_019054,0.14018836017982245
SG_019058,0.2012100758961341
SG_019069,0.1220618077912126
SG_019071,0.11623091700159956
SG_019082,0.17123850607551896
SG_019083,0.12818320947626702
SG_019084,0.2374601974686898
SG_019087,0.1269302276407084
SG_019092,0.11718437027096233
SG_019098,0.1532552262531263
SG_019102,0.25849258264093683
SG_019105,0.1732585376006605
SG_019106,0.14495766321917686
SG_019109,0.15793965199060883
SG_019115,0.17170421349331497
SG_019117,0.22171369864041796
SG_019119,0.14861108388665625
SG_019120,0.14971449618558996
SG_019131,0.15905921244665003
SG_019142,0.2978801222942985
SG_019146,0.16908650791416602
SG_019147,0.1819414554615662
SG_019149,0.12228409344214182
SG_019150,0.13051296962924122
SG_019162,0.17804366617033254
SG_019167,0.15763957929323263
SG_019169,0.14868226539397542
SG_019171,0.1155420962263121
SG_019176,0.24636695235890996
SG_019184,0.13135804241007043
SG_019187,0.2262659479512905
SG_019190,0.12628311791941582
SG_019197,0.18210670664906412
SG_019198,0.14323925262309517
SG_019201,0.12372166258142703
SG_019203,0.21872541361574266
SG_019204,0.14617515524974256
SG_019208,0.13532963713531893
SG_019209,0.157688790063394
SG_019211,0.13800434521801794
SG_019212,0.1907191874898734
SG_019217,0.17951652118706998
SG_019221,0.13623968165847686
SG_019222,0.2833722458279341
SG_019223,0.12870311689471384
SG_019225,0.19142967585840398
SG_019237,0.20312402026476123
SG_019244,0.1806453298033232
SG_019245,0.1856864542116599
SG_019246,0.11933819733843429
SG_019247,0.17911109845578224
SG_019248,0.13612716292232743
SG_019249,0.24808696001070585
SG_019251,0.1426178819030154
SG_019253,0.13398346753858856
SG_019254,0.11831611699863709
SG_019255,0.14703774447760926
SG_019259,0.11907037486405518
SG_019265,0.13588697766850802
SG_019266,0.18253949637052344
SG_019267,0.2132657856886536
SG_019270,0.1364573722302177
SG_019271,0.1322694289561847
SG_019272,0.16263865521986418
SG_019273,0.1523967276431441
SG_019274,0.11844371392183003
SG_019275,0.15768286198358214
SG_019276,0.13056381087689659
SG_019282,0.15058958590555332
SG_019286,0.21674980729913954
SG_019289,0.18080839999816892
SG_019295,0.2185902036624719
SG_019296,0.2300841319045753
SG_019298,0.1138217348259444
SG_019300,0.15654226109781488
SG_019302,0.2390583545817754
SG_019311,0.20356864374073305
SG_019314,0.17575655047651734
SG_019315,0.1408862598450938
SG_019316,0.20696047936639977
SG_019321,0.12447920937978123
SG_019325,0.2002038184124066
SG_019326,0.26303286758875755
SG_019328,0.13464400434434434
SG_019330,0.15199583504913927
SG_019333,0.1480791614840303
SG_019336,0.1730158278148471
SG_019339,0.16196220094662572
SG_019346,0.164629527181961
SG_019352,0.18315158357725375
SG_019358,0.21382362020344167
SG_019362,0.21829177791051574
SG_019368,0.13055405024195102
SG_019371,0.15852914117771583
SG_019373,0.2465698644026523
SG_019374,0.1849330886911257
SG_019375,0.15338222694124917
SG_019376,0.2428117344754835
SG_019386,0.19626570907607377
SG_019388,0.16391525117904082
SG_019394,0.18456042882953805
SG_019398,0.13809352089083915
SG_019408,0.18149808635330017
SG_019411,0.12880870553813517
SG_019419,0.2889174185151983
SG_019421,0.20685992246418494
SG_019425,0.147800657885117
SG_019427,0.15053721179271523
SG_019428,0.1750408348945638
SG_019431,0.14011098294315705
SG_019432,0.12991099029123626
SG_019433,0.18302120924978788
SG_019436,0.2406364108792333
SG_019437,0.2489453089078056
SG_019440,0.12213093837108899
SG_019442,0.16974639414681225
SG_019446,0.16230475823807908
SG_019447,0.14342714438542326
SG_019449,0.13364523668817246
SG_019452,0.1189663176308355
SG_019455,0.24119772843141893
SG_019456,0.1732481614608432
SG_019458,0.2401742463902737
SG_019466,0.15634106296062422
SG_019468,0.2463091981371231
SG_019470,0.1897795054785286
SG_019471,0.18351404941729527
SG_019473,0.13073140197620595
SG_019478,0.18090088066711302
SG_019485,0.2690804844935512
SG_019488,0.21635789216225473
SG_019489,0.22692287191936117
SG_019491,0.17729283307714525
SG_019496,0.2664720566008792
SG_019498,0.1348496299926437
SG_019510,0.24530146804369077
SG_019516,0.12119299826132435
SG_019519,0.13469422543035764
SG_019523,0.16577317179822693
SG_019527,0.14779849413110707
SG_019530,0.1871997209468192
SG_019532,0.13835019521521957
SG_019534,0.14403504247724236
SG_019540,0.14441961139435705
SG_019541,0.13829932233196215
SG_019543,0.15443972831889516
SG_019553,0.13939367809718967
SG_019558,0.14370823203219724
SG_019562,0.15246705641194896
SG_019563,0.15981651679306447
SG_019564,0.16777203003223534
SG_019567,0.12140824249843947
SG_019570,0.25146606461389576
SG_019577,0.13128794956602535
SG_019583,0.253692899693441
SG_019585,0.20669163172484845
SG_019587,0.19108720550603678
SG_019588,0.11301035223374982
SG_019591,0.129151653464859
SG_019593,0.11951154255883031
SG_019598,0.12363851020790691
SG_019599,0.17612769254714158
SG_019602,0.27548796572065665
SG_019609,0.17378986484599682
SG_019620,0.16765242815705858
SG_019621,0.1215488977415596
SG_019624,0.2580064313842854
SG_019625,0.19707931240259
SG_019627,0.10943796794284213
SG_019635,0.13193368342236092
SG_019638,0.1333708317279047
SG_019639,0.11968705092507644
SG_019642,0.2815489350120462
SG_019645,0.1399175974591088
SG_019647,0.2170249078214986
SG_019648,0.13267353352037534
SG_019650,0.1274328504783892
SG_019652,0.128304087623137
SG_019654,0.18660435647225873
SG_019657,0.21353535532803858
SG_019660,0.14712588925156975
SG_019661,0.14116222494840508
SG_019662,0.18491166770208095
SG_019665,0.1536241381202061
SG_019666,0.1831714171124051
SG_019667,0.17235457325958264
SG_019676,0.2055708001749316
SG_019679,0.26397232758779293
SG_019680,0.2016863395254734
SG_019683,0.20441407562242736
SG_019689,0.13733444129883005
SG_019690,0.18596655037088305
SG_019691,0.23231012074105856
SG_019695,0.15325798883000868
SG_019698,0.1419419448496606
SG_019710,0.13249703456201506
SG_019711,0.16469660626012692
SG_019716,0.1169217758921676
SG_019724,0.1439622767606259
SG_019727,0.2195904328103416
SG_019728,0.14364665835923904
SG_019729,0.12650593342574176
SG_019733,0.26705976712898793
SG_019738,0.151963408561603
SG_019740,0.1459464423848536
SG_019746,0.23877171791435864
SG_019747,0.27827318135347157
SG_019750,0.146876527462662
SG_019755,0.25279601936606183
SG_019756,0.19997973920317264
SG_019761,0.1244751695289497
SG_019764,0.124732027097562
SG_019766,0.13793655960522413
SG_019767,0.14542785254639562
SG_019769,0.22508640949375763
SG_019779,0.12311834945374411
SG_019782,0.1647837199395882
SG_019783,0.14765709519444142
SG_019784,0.13699114652183397
SG_019791,0.1593158305900608
SG_019792,0.14163994104216057
SG_019793,0.23546375326783667
SG_019797,0.12041073798028527
SG_019800,0.26039421306078203
SG_019801,0.19855484912142926
SG_019802,0.15146030050854584
SG_019804,0.13335749697979707
SG_019807,0.2803602704423496
SG_019809,0.165452362706293
SG_019811,0.23845040486059027
SG_019812,0.17362423233908625
SG_019819,0.13959245658082348
SG_019828,0.1285902574132232
SG_019830,0.13690622988443707
SG_019832,0.12947218032538407
SG_019835,0.12918284823204315
SG_019838,0.1525743586901994
SG_019839,0.13004195654148137
SG_019842,0.21219191739710014
SG_019846,0.21041857613109993
SG_019849,0.11970688735779551
SG_019851,0.19807798890500689
SG_019852,0.12421355103775293
SG_019853,0.15706238946212916
SG_019854,0.22617101792225403
SG_019857,0.21414774212211696
SG_019858,0.26034695894894094
SG_019859,0.19634995824463808
SG_019864,0.27169914016843844
SG_019865,0.14670497253300313
SG_019868,0.17667684367409817
SG_019869,0.2610323994082334
SG_019873,0.12620599744086033
SG_019878,0.17491975404902516
SG_019883,0.23689564526216186
SG_019887,0.13312354374229
SG_019888,0.14436197013139732
SG_019895,0.16541798477285521
SG_019900,0.12859614252449622
SG_019903,0.12265595775976319
SG_019906,0.17459440228800502
SG_019909,0.12172096469118658
SG_019910,0.1283922100146085
SG_019913,0.17691886426042863
SG_019914,0.15357654994373063
SG_019921,0.14890915381412442
SG_019923,0.15021230220329013
SG_019928,0.2841328088398523
SG_019930,0.29110765802855887
SG_019933,0.1722837066083142
SG_019939,0.15634630655759016
SG_019941,0.23935448997247022
SG_019944,0.15634069425999597
SG_019945,0.1959915371787272
SG_019947,0.1453122271364113
SG_019949,0.1989244215645044
SG_019950,0.16703232631674356
SG_019954,0.15334430049577435
SG_019955,0.22625186204247436
SG_019960,0.12144637806848797
SG_019961,0.16277245472920338
SG_019966,0.24441663116362658
SG_019968,0.1936942597484062
SG_019970,0.13853534738314272
SG_019973,0.12101183450383832
SG_019974,0.1646194250909492
SG_019976,0.16045475493490396
SG_019978,0.17134421678042183
SG_019980,0.12648505350425088
SG_019981,0.14773251533353315
SG_019983,0.20115258925520405
SG_019984,0.19178202002841194
SG_019985,0.15844493969269444
SG_019989,0.12419438049262321
SG_019994,0.13230486122073287
SG_019998,0.15119358039869052
SG_019999,0.18849727334920935
SG_020000,0.1693770410389445
